-- ==========================================================
-- BTS THEMED BANK DATA POPULATION SCRIPT
-- ==========================================================

BEGIN;

-- 1. POPULATING CUSTOMERS
INSERT INTO customers (customer_id, first_name, last_name, email, birth_date, country_code, created_at, is_active) VALUES (1, 'Nam-joon', 'Kim', 'rm@hybe.com', '1994-09-12', 'KR', '2016-06-07 00:00:00', TRUE);
INSERT INTO customers (customer_id, first_name, last_name, email, birth_date, country_code, created_at, is_active) VALUES (2, 'Seok-jin', 'Kim', 'jin@hybe.com', '1992-12-04', 'KR', '2020-07-19 00:00:00', TRUE);
INSERT INTO customers (customer_id, first_name, last_name, email, birth_date, country_code, created_at, is_active) VALUES (3, 'Yoon-gi', 'Min', 'suga@hybe.com', '1993-03-09', 'KR', '2020-01-06 00:00:00', TRUE);
INSERT INTO customers (customer_id, first_name, last_name, email, birth_date, country_code, created_at, is_active) VALUES (4, 'Ho-seok', 'Jung', 'jhope@hybe.com', '1994-02-18', 'KR', '2021-01-10 00:00:00', TRUE);
INSERT INTO customers (customer_id, first_name, last_name, email, birth_date, country_code, created_at, is_active) VALUES (5, 'Ji-min', 'Park', 'jimin@hybe.com', '1995-10-13', 'KR', '2014-01-07 00:00:00', TRUE);
INSERT INTO customers (customer_id, first_name, last_name, email, birth_date, country_code, created_at, is_active) VALUES (6, 'Tae-hyung', 'Kim', 'v@hybe.com', '1995-12-30', 'KR', '2015-07-04 00:00:00', TRUE);
INSERT INTO customers (customer_id, first_name, last_name, email, birth_date, country_code, created_at, is_active) VALUES (7, 'Jung-kook', 'Jeon', 'jungkook@hybe.com', '1997-09-01', 'KR', '2022-02-07 00:00:00', TRUE);
INSERT INTO customers (customer_id, first_name, last_name, email, birth_date, country_code, created_at, is_active) VALUES (8, 'Si-hyuk', 'Bang', 'hitman@hybe.com', '1972-08-09', 'KR', '2021-12-30 00:00:00', TRUE);
INSERT INTO customers (customer_id, first_name, last_name, email, birth_date, country_code, created_at, is_active) VALUES (9, 'Koya', 'Koala', 'koya@bt21.com', '2017-09-26', 'KR', '2014-04-30 00:00:00', TRUE);
INSERT INTO customers (customer_id, first_name, last_name, email, birth_date, country_code, created_at, is_active) VALUES (10, 'RJ', 'Alpaca', 'rj@bt21.com', '2017-09-26', 'KR', '2022-11-15 00:00:00', TRUE);
INSERT INTO customers (customer_id, first_name, last_name, email, birth_date, country_code, created_at, is_active) VALUES (11, 'Shooky', 'Cookie', 'shooky@bt21.com', '2017-09-26', 'KR', '2018-11-05 00:00:00', TRUE);
INSERT INTO customers (customer_id, first_name, last_name, email, birth_date, country_code, created_at, is_active) VALUES (12, 'Mang', 'Pony', 'mang@bt21.com', '2017-09-26', 'KR', '2022-10-22 00:00:00', TRUE);
INSERT INTO customers (customer_id, first_name, last_name, email, birth_date, country_code, created_at, is_active) VALUES (13, 'Chimmy', 'Puppy', 'chimmy@bt21.com', '2017-09-26', 'KR', '2021-08-09 00:00:00', TRUE);
INSERT INTO customers (customer_id, first_name, last_name, email, birth_date, country_code, created_at, is_active) VALUES (14, 'Tata', 'Alien', 'tata@bt21.com', '2017-09-26', 'KR', '2022-08-05 00:00:00', TRUE);
INSERT INTO customers (customer_id, first_name, last_name, email, birth_date, country_code, created_at, is_active) VALUES (15, 'Cooky', 'Rabbit', 'cooky@bt21.com', '2017-09-26', 'KR', '2022-08-21 00:00:00', TRUE);
INSERT INTO customers (customer_id, first_name, last_name, email, birth_date, country_code, created_at, is_active) VALUES (16, 'Van', 'Robot', 'van@bt21.com', '2017-09-26', 'KR', '2018-06-17 00:00:00', TRUE);
INSERT INTO customers (customer_id, first_name, last_name, email, birth_date, country_code, created_at, is_active) VALUES (17, 'Adora', 'Park', 'adora@music.kr', '1997-09-25', 'KR', '2021-05-15 00:00:00', TRUE);
INSERT INTO customers (customer_id, first_name, last_name, email, birth_date, country_code, created_at, is_active) VALUES (18, 'Amelia', 'Smith', 'army1@btsarmy.org', '1998-05-12', 'US', '2013-11-16 00:00:00', TRUE);
INSERT INTO customers (customer_id, first_name, last_name, email, birth_date, country_code, created_at, is_active) VALUES (19, 'Olena', 'Shevchenko', 'army_ua@bts.org.ua', '2001-11-20', 'UA', '2022-01-21 00:00:00', TRUE);
INSERT INTO customers (customer_id, first_name, last_name, email, birth_date, country_code, created_at, is_active) VALUES (20, 'Chloe', 'Dupont', 'chloe_army@fr.com', '1999-07-07', 'FR', '2013-06-24 00:00:00', TRUE);
INSERT INTO customers (customer_id, first_name, last_name, email, birth_date, country_code, created_at, is_active) VALUES (21, 'Sakura', 'Tanaka', 'sakura_army@jp.co', '2000-03-15', 'JP', '2021-10-05 00:00:00', TRUE);
INSERT INTO customers (customer_id, first_name, last_name, email, birth_date, country_code, created_at, is_active) VALUES (22, 'Sofia', 'Rodriguez', 'sofia_army@es.org', '1996-12-05', 'ES', '2018-04-21 00:00:00', TRUE);

-- 2. POPULATING ACCOUNTS
INSERT INTO accounts (account_id, customer_id, account_number, currency, balance, status, opened_at) VALUES (1, 1, 'KRZ7DFFGFP8Q70T9JTQP0Z', 'UAH', 2406324.37, 'ACTIVE', '2018-08-24 00:00:00');
INSERT INTO accounts (account_id, customer_id, account_number, currency, balance, status, opened_at) VALUES (2, 1, 'KRLGA7IBRO3WOO8FQ31K9N', 'USD', 2808496.56, 'ACTIVE', '2021-12-12 00:00:00');
INSERT INTO accounts (account_id, customer_id, account_number, currency, balance, status, opened_at) VALUES (3, 1, 'KR5PMRB8TMZSJ4VN1BGVOO', 'UAH', 1493281.35, 'ACTIVE', '2021-03-16 00:00:00');
INSERT INTO accounts (account_id, customer_id, account_number, currency, balance, status, opened_at) VALUES (4, 1, 'KRFUUO6NUOT6QTRPGRXMTV', 'USD', 4408857.04, 'ACTIVE', '2023-01-16 00:00:00');
INSERT INTO accounts (account_id, customer_id, account_number, currency, balance, status, opened_at) VALUES (5, 2, 'KR15UCT36DKLPQKATSYP5Y', 'UAH', 2273839.53, 'ACTIVE', '2015-10-11 00:00:00');
INSERT INTO accounts (account_id, customer_id, account_number, currency, balance, status, opened_at) VALUES (6, 2, 'KRIGHHKHTO3WTOZDTWWB4S', 'UAH', 735500.07, 'ACTIVE', '2016-09-11 00:00:00');
INSERT INTO accounts (account_id, customer_id, account_number, currency, balance, status, opened_at) VALUES (7, 2, 'KR7QARJWVMCFEUF03W52XC', 'USD', 4058006.54, 'ACTIVE', '2017-06-20 00:00:00');
INSERT INTO accounts (account_id, customer_id, account_number, currency, balance, status, opened_at) VALUES (8, 3, 'KREW77FI6G7BY7FLETW8RS', 'EUR', 1024551.01, 'ACTIVE', '2022-12-01 00:00:00');
INSERT INTO accounts (account_id, customer_id, account_number, currency, balance, status, opened_at) VALUES (9, 3, 'KR9VS0RPD19G2FMEPPEE0J', 'USD', 3922371.05, 'ACTIVE', '2020-07-04 00:00:00');
INSERT INTO accounts (account_id, customer_id, account_number, currency, balance, status, opened_at) VALUES (10, 3, 'KRNL6V3XL7Z3TAE6WCJ1I6', 'USD', 3988778.12, 'ACTIVE', '2021-08-10 00:00:00');
INSERT INTO accounts (account_id, customer_id, account_number, currency, balance, status, opened_at) VALUES (11, 3, 'KRRG9A1M2QXTCHG9VNNM96', 'USD', 4443828.23, 'ACTIVE', '2018-07-07 00:00:00');
INSERT INTO accounts (account_id, customer_id, account_number, currency, balance, status, opened_at) VALUES (12, 4, 'KRUTEMWN4OS16WO41UR8ZG', 'UAH', 3947332.79, 'ACTIVE', '2017-10-22 00:00:00');
INSERT INTO accounts (account_id, customer_id, account_number, currency, balance, status, opened_at) VALUES (13, 4, 'KRX0EFSGITJZKW8COHZPPC', 'USD', 439198.63, 'ACTIVE', '2016-04-22 00:00:00');
INSERT INTO accounts (account_id, customer_id, account_number, currency, balance, status, opened_at) VALUES (14, 4, 'KRC63390NUZCW07913UKD3', 'EUR', 329257.65, 'ACTIVE', '2022-04-23 00:00:00');
INSERT INTO accounts (account_id, customer_id, account_number, currency, balance, status, opened_at) VALUES (15, 4, 'KR9DCLU0P1KLQSYYHD5GJF', 'EUR', 4086801.28, 'ACTIVE', '2022-03-20 00:00:00');
INSERT INTO accounts (account_id, customer_id, account_number, currency, balance, status, opened_at) VALUES (16, 5, 'KRD6I1TAQO2RF8JE7TNS1L', 'UAH', 1926971.74, 'ACTIVE', '2015-06-04 00:00:00');
INSERT INTO accounts (account_id, customer_id, account_number, currency, balance, status, opened_at) VALUES (17, 5, 'KRJ7SVEENK0MAXJBO8PKJF', 'USD', 234178.65, 'ACTIVE', '2018-07-17 00:00:00');
INSERT INTO accounts (account_id, customer_id, account_number, currency, balance, status, opened_at) VALUES (18, 6, 'KR8SVRT5EKWGHGCAOI8RMF', 'USD', 2983522.02, 'ACTIVE', '2016-09-07 00:00:00');
INSERT INTO accounts (account_id, customer_id, account_number, currency, balance, status, opened_at) VALUES (19, 6, 'KRZ00UVLT77QH1EWE185QA', 'USD', 506961.12, 'ACTIVE', '2019-07-27 00:00:00');
INSERT INTO accounts (account_id, customer_id, account_number, currency, balance, status, opened_at) VALUES (20, 7, 'KR7B6GFK9NJVLFJP1C85RS', 'USD', 525742.6, 'ACTIVE', '2020-05-03 00:00:00');
INSERT INTO accounts (account_id, customer_id, account_number, currency, balance, status, opened_at) VALUES (21, 7, 'KRFOG28D4HCA9XEH7F6WSC', 'UAH', 3006803.74, 'ACTIVE', '2021-09-09 00:00:00');
INSERT INTO accounts (account_id, customer_id, account_number, currency, balance, status, opened_at) VALUES (22, 8, 'KREWQX7Q41KXLKWV43SEXB', 'EUR', 3675582.34, 'ACTIVE', '2017-06-01 00:00:00');
INSERT INTO accounts (account_id, customer_id, account_number, currency, balance, status, opened_at) VALUES (23, 8, 'KRDT4KLB2U7BS9UP7JI6I9', 'USD', 519966.09, 'ACTIVE', '2021-01-29 00:00:00');
INSERT INTO accounts (account_id, customer_id, account_number, currency, balance, status, opened_at) VALUES (24, 8, 'KRX0NX68TEA6RI0LZ6TA12', 'USD', 2656403.79, 'ACTIVE', '2018-10-08 00:00:00');
INSERT INTO accounts (account_id, customer_id, account_number, currency, balance, status, opened_at) VALUES (25, 9, 'KRQQNN8OFYMCFPXG0XHO3B', 'UAH', 5101.41, 'ACTIVE', '2018-01-19 00:00:00');
INSERT INTO accounts (account_id, customer_id, account_number, currency, balance, status, opened_at) VALUES (26, 9, 'KR0VHN10D57OFF3JGBQYL4', 'UAH', 13344.61, 'FROZEN', '2018-12-19 00:00:00');
INSERT INTO accounts (account_id, customer_id, account_number, currency, balance, status, opened_at) VALUES (27, 10, 'KR0O6P8SUBWRYMUSOKXUWS', 'EUR', 3635.47, 'FROZEN', '2020-07-01 00:00:00');
INSERT INTO accounts (account_id, customer_id, account_number, currency, balance, status, opened_at) VALUES (28, 10, 'KR05IDLWGYMEXIMKG124XA', 'USD', 9200.11, 'ACTIVE', '2018-06-02 00:00:00');
INSERT INTO accounts (account_id, customer_id, account_number, currency, balance, status, opened_at) VALUES (29, 11, 'KRI3OME8YADW73I42UUZCS', 'EUR', 14412.62, 'ACTIVE', '2022-05-19 00:00:00');
INSERT INTO accounts (account_id, customer_id, account_number, currency, balance, status, opened_at) VALUES (30, 12, 'KRK7DMAZKRCO321XIIDXB8', 'USD', 13323.1, 'ACTIVE', '2015-04-02 00:00:00');
INSERT INTO accounts (account_id, customer_id, account_number, currency, balance, status, opened_at) VALUES (31, 13, 'KRA4M06VFBLMZHZVW4EAEQ', 'UAH', 18619.95, 'ACTIVE', '2021-05-29 00:00:00');
INSERT INTO accounts (account_id, customer_id, account_number, currency, balance, status, opened_at) VALUES (32, 13, 'KR98WKEEQCLLPE8LY4KSD8', 'EUR', 14367.08, 'ACTIVE', '2022-05-22 00:00:00');
INSERT INTO accounts (account_id, customer_id, account_number, currency, balance, status, opened_at) VALUES (33, 14, 'KR4YWC1XMUHYU9VMPZ4U8Z', 'UAH', 8997.16, 'FROZEN', '2015-12-05 00:00:00');
INSERT INTO accounts (account_id, customer_id, account_number, currency, balance, status, opened_at) VALUES (34, 14, 'KRD4DR2PV9U4SUBUVQC8LY', 'EUR', 8813.77, 'ACTIVE', '2015-09-03 00:00:00');
INSERT INTO accounts (account_id, customer_id, account_number, currency, balance, status, opened_at) VALUES (35, 15, 'KRUY4Y0JX85XVKIV1RJOCC', 'USD', 5023.21, 'ACTIVE', '2019-09-17 00:00:00');
INSERT INTO accounts (account_id, customer_id, account_number, currency, balance, status, opened_at) VALUES (36, 16, 'KRBG9JOZRGX8Q4S6EQHZSV', 'EUR', 8397.86, 'ACTIVE', '2016-06-23 00:00:00');
INSERT INTO accounts (account_id, customer_id, account_number, currency, balance, status, opened_at) VALUES (37, 17, 'KR563Y7K3MLN7NWR5SQ39J', 'EUR', 3113.75, 'ACTIVE', '2019-07-31 00:00:00');
INSERT INTO accounts (account_id, customer_id, account_number, currency, balance, status, opened_at) VALUES (38, 18, 'USXOIG7X5N288Y4H89N4RR', 'EUR', 10823.48, 'ACTIVE', '2022-11-17 00:00:00');
INSERT INTO accounts (account_id, customer_id, account_number, currency, balance, status, opened_at) VALUES (39, 19, 'UAHKIHEJTNK4HCR4C8U0S0', 'UAH', 3907.03, 'FROZEN', '2022-02-17 00:00:00');
INSERT INTO accounts (account_id, customer_id, account_number, currency, balance, status, opened_at) VALUES (40, 20, 'FRNB0R8ET8GOYMACDWWSJR', 'UAH', 7180.63, 'ACTIVE', '2019-05-03 00:00:00');
INSERT INTO accounts (account_id, customer_id, account_number, currency, balance, status, opened_at) VALUES (41, 20, 'FRBF57A21H77678F42J9LF', 'EUR', 6232.18, 'CLOSED', '2021-05-07 00:00:00');
INSERT INTO accounts (account_id, customer_id, account_number, currency, balance, status, opened_at) VALUES (42, 21, 'JP48F13B6LWZCKHWSAY1M9', 'EUR', 7465.84, 'ACTIVE', '2017-10-20 00:00:00');
INSERT INTO accounts (account_id, customer_id, account_number, currency, balance, status, opened_at) VALUES (43, 21, 'JPCRNV78H1XS23F9HSABBP', 'EUR', 7653.59, 'CLOSED', '2020-05-30 00:00:00');
INSERT INTO accounts (account_id, customer_id, account_number, currency, balance, status, opened_at) VALUES (44, 22, 'ESBKO6XKQKTP6ZBB8OCM5X', 'EUR', 13935.68, 'ACTIVE', '2020-04-05 00:00:00');

-- 3. POPULATING CARDS
INSERT INTO cards (card_id, account_id, card_number_hash, card_type, status, expiration_date) VALUES (1, 1, 'hash_33f74768954767a094ba29d47fbcb5df', 'CREDIT', 'EXPIRED', '2028-03-09');
INSERT INTO cards (card_id, account_id, card_number_hash, card_type, status, expiration_date) VALUES (2, 2, 'hash_f40861bfe3efc95cb3d2731a26b845cf', 'DEBIT', 'BLOCKED', '2026-12-09');
INSERT INTO cards (card_id, account_id, card_number_hash, card_type, status, expiration_date) VALUES (3, 2, 'hash_6b9211758bf2a6d43d7d1d8a3a509346', 'CREDIT', 'BLOCKED', '2028-06-29');
INSERT INTO cards (card_id, account_id, card_number_hash, card_type, status, expiration_date) VALUES (4, 3, 'hash_f787273eb4ad1352e8037412ede42c6a', 'CREDIT', 'BLOCKED', '2028-04-14');
INSERT INTO cards (card_id, account_id, card_number_hash, card_type, status, expiration_date) VALUES (5, 3, 'hash_0204b692b92bc28b4d367c927db4e54f', 'DEBIT', 'ACTIVE', '2027-05-24');
INSERT INTO cards (card_id, account_id, card_number_hash, card_type, status, expiration_date) VALUES (6, 4, 'hash_bec9cd102e22306d9515635021b5329d', 'DEBIT', 'ACTIVE', '2026-07-10');
INSERT INTO cards (card_id, account_id, card_number_hash, card_type, status, expiration_date) VALUES (7, 5, 'hash_856440cead1f61dcbe0471fe03f6c0cf', 'VIRTUAL', 'BLOCKED', '2025-12-26');
INSERT INTO cards (card_id, account_id, card_number_hash, card_type, status, expiration_date) VALUES (8, 5, 'hash_fcc3b1904bea6d825f91e0e32d71e905', 'VIRTUAL', 'BLOCKED', '2027-01-09');
INSERT INTO cards (card_id, account_id, card_number_hash, card_type, status, expiration_date) VALUES (9, 6, 'hash_307a49887df3b09306c59a7b5cadd8b1', 'DEBIT', 'BLOCKED', '2027-10-27');
INSERT INTO cards (card_id, account_id, card_number_hash, card_type, status, expiration_date) VALUES (10, 6, 'hash_efb1b4b2ce9e989c25aa3edb3bf0b203', 'CREDIT', 'BLOCKED', '2028-07-03');
INSERT INTO cards (card_id, account_id, card_number_hash, card_type, status, expiration_date) VALUES (11, 7, 'hash_bd693850595be6c8dcdd836a0687073c', 'DEBIT', 'ACTIVE', '2028-02-15');
INSERT INTO cards (card_id, account_id, card_number_hash, card_type, status, expiration_date) VALUES (12, 7, 'hash_956a6ca45f42642ae26b7010f0af0c74', 'VIRTUAL', 'ACTIVE', '2027-06-04');
INSERT INTO cards (card_id, account_id, card_number_hash, card_type, status, expiration_date) VALUES (13, 8, 'hash_6bdaae4174c5d5fab09da3ccf229f43b', 'DEBIT', 'BLOCKED', '2028-03-13');
INSERT INTO cards (card_id, account_id, card_number_hash, card_type, status, expiration_date) VALUES (14, 8, 'hash_9a3c2c38380163a196afcd685012f46a', 'CREDIT', 'BLOCKED', '2027-08-22');
INSERT INTO cards (card_id, account_id, card_number_hash, card_type, status, expiration_date) VALUES (15, 9, 'hash_a5d377551b9eedada0a5d0eab3f394dc', 'CREDIT', 'ACTIVE', '2026-10-28');
INSERT INTO cards (card_id, account_id, card_number_hash, card_type, status, expiration_date) VALUES (16, 9, 'hash_e479c09f748727715e2e1fb1dba8e4c6', 'VIRTUAL', 'BLOCKED', '2028-08-12');
INSERT INTO cards (card_id, account_id, card_number_hash, card_type, status, expiration_date) VALUES (17, 10, 'hash_1e427907f61636b88b7d3c70818e3b00', 'DEBIT', 'ACTIVE', '2028-11-29');
INSERT INTO cards (card_id, account_id, card_number_hash, card_type, status, expiration_date) VALUES (18, 10, 'hash_a8a23bccb7d5516ddea7e34eeacc79d3', 'CREDIT', 'ACTIVE', '2027-01-03');
INSERT INTO cards (card_id, account_id, card_number_hash, card_type, status, expiration_date) VALUES (19, 11, 'hash_92883df5071ca4574f718bf0d69fbd47', 'CREDIT', 'ACTIVE', '2029-01-03');
INSERT INTO cards (card_id, account_id, card_number_hash, card_type, status, expiration_date) VALUES (20, 11, 'hash_a372539ec6a5d21ad377bfebe38ba1c7', 'DEBIT', 'BLOCKED', '2027-02-05');
INSERT INTO cards (card_id, account_id, card_number_hash, card_type, status, expiration_date) VALUES (21, 12, 'hash_b7166376fd99f7ece15ba32645784df0', 'VIRTUAL', 'ACTIVE', '2026-01-17');
INSERT INTO cards (card_id, account_id, card_number_hash, card_type, status, expiration_date) VALUES (22, 13, 'hash_d4901764a8d0573ea46c3e444538afdb', 'VIRTUAL', 'ACTIVE', '2026-09-16');
INSERT INTO cards (card_id, account_id, card_number_hash, card_type, status, expiration_date) VALUES (23, 13, 'hash_22464bf8294e1ccc272b21d8158ea1da', 'CREDIT', 'ACTIVE', '2027-08-25');
INSERT INTO cards (card_id, account_id, card_number_hash, card_type, status, expiration_date) VALUES (24, 14, 'hash_a60262ebf060819d62165fc33d5adb50', 'CREDIT', 'BLOCKED', '2029-02-02');
INSERT INTO cards (card_id, account_id, card_number_hash, card_type, status, expiration_date) VALUES (25, 15, 'hash_1fb8d1c5a49f60534f955bbfaff26058', 'CREDIT', 'ACTIVE', '2028-05-31');
INSERT INTO cards (card_id, account_id, card_number_hash, card_type, status, expiration_date) VALUES (26, 15, 'hash_d57bd47cb13b834e725ce458bc4dee15', 'VIRTUAL', 'ACTIVE', '2029-02-04');
INSERT INTO cards (card_id, account_id, card_number_hash, card_type, status, expiration_date) VALUES (27, 16, 'hash_f71ac9db82f1b2273b1b6ef2b5bf5403', 'CREDIT', 'ACTIVE', '2028-03-25');
INSERT INTO cards (card_id, account_id, card_number_hash, card_type, status, expiration_date) VALUES (28, 17, 'hash_9fba85daa159c94c71a3f0b813fa5ce6', 'DEBIT', 'BLOCKED', '2028-10-27');
INSERT INTO cards (card_id, account_id, card_number_hash, card_type, status, expiration_date) VALUES (29, 18, 'hash_13d69d828d81264b535dd4bd060d0945', 'CREDIT', 'BLOCKED', '2027-05-31');
INSERT INTO cards (card_id, account_id, card_number_hash, card_type, status, expiration_date) VALUES (30, 18, 'hash_af8a1027d55ac120aa36b2b34e559b6a', 'VIRTUAL', 'BLOCKED', '2026-08-01');
INSERT INTO cards (card_id, account_id, card_number_hash, card_type, status, expiration_date) VALUES (31, 19, 'hash_1b7c6ec99b55c54b676f46e8445a3cde', 'CREDIT', 'BLOCKED', '2028-02-06');
INSERT INTO cards (card_id, account_id, card_number_hash, card_type, status, expiration_date) VALUES (32, 19, 'hash_88aa9a3d610a9b852e95cc3fe47c549c', 'DEBIT', 'BLOCKED', '2026-03-26');
INSERT INTO cards (card_id, account_id, card_number_hash, card_type, status, expiration_date) VALUES (33, 20, 'hash_88f509c2da95a719638f75cc7847189d', 'DEBIT', 'BLOCKED', '2027-02-07');
INSERT INTO cards (card_id, account_id, card_number_hash, card_type, status, expiration_date) VALUES (34, 21, 'hash_bae8fb0b82720acae9692aee18471ea3', 'CREDIT', 'ACTIVE', '2027-07-17');
INSERT INTO cards (card_id, account_id, card_number_hash, card_type, status, expiration_date) VALUES (35, 21, 'hash_87ecb32e47060e6ffe94e3bdb1866a23', 'DEBIT', 'BLOCKED', '2027-06-11');
INSERT INTO cards (card_id, account_id, card_number_hash, card_type, status, expiration_date) VALUES (36, 22, 'hash_cc75a31250442f5327e7f8601668e856', 'CREDIT', 'ACTIVE', '2027-08-21');
INSERT INTO cards (card_id, account_id, card_number_hash, card_type, status, expiration_date) VALUES (37, 23, 'hash_15a8411a5d017d3fcdc7e84f2347ee3b', 'CREDIT', 'BLOCKED', '2027-04-07');
INSERT INTO cards (card_id, account_id, card_number_hash, card_type, status, expiration_date) VALUES (38, 23, 'hash_f35c41d6907980d2a4ac0d086cc0009c', 'DEBIT', 'ACTIVE', '2028-02-14');
INSERT INTO cards (card_id, account_id, card_number_hash, card_type, status, expiration_date) VALUES (39, 24, 'hash_a1b789f10a23d331f1f54167cac52fe2', 'DEBIT', 'ACTIVE', '2027-10-16');
INSERT INTO cards (card_id, account_id, card_number_hash, card_type, status, expiration_date) VALUES (40, 24, 'hash_b074f199883427dacd3123190726a69d', 'VIRTUAL', 'EXPIRED', '2028-10-29');
INSERT INTO cards (card_id, account_id, card_number_hash, card_type, status, expiration_date) VALUES (41, 25, 'hash_b527e3f6b74e43265ec5b5a30080e4bb', 'VIRTUAL', 'ACTIVE', '2027-05-18');
INSERT INTO cards (card_id, account_id, card_number_hash, card_type, status, expiration_date) VALUES (42, 25, 'hash_48750b90c0c52de82bae0148b98dae60', 'DEBIT', 'BLOCKED', '2028-02-25');
INSERT INTO cards (card_id, account_id, card_number_hash, card_type, status, expiration_date) VALUES (43, 26, 'hash_03efad87563de5f2ac7dc430228871eb', 'CREDIT', 'BLOCKED', '2026-08-12');
INSERT INTO cards (card_id, account_id, card_number_hash, card_type, status, expiration_date) VALUES (44, 27, 'hash_d295d8f27e8c54c0ed31dbeac9778fee', 'VIRTUAL', 'BLOCKED', '2028-01-03');
INSERT INTO cards (card_id, account_id, card_number_hash, card_type, status, expiration_date) VALUES (45, 28, 'hash_75a3b4d568bf0e358ad93447988ed956', 'DEBIT', 'ACTIVE', '2025-11-24');
INSERT INTO cards (card_id, account_id, card_number_hash, card_type, status, expiration_date) VALUES (46, 29, 'hash_59cd4a10823c9d459bf1731183ab0937', 'DEBIT', 'ACTIVE', '2027-02-12');
INSERT INTO cards (card_id, account_id, card_number_hash, card_type, status, expiration_date) VALUES (47, 30, 'hash_ce61ae024bf27b4ac0b469c875f2b9fa', 'CREDIT', 'ACTIVE', '2027-03-05');
INSERT INTO cards (card_id, account_id, card_number_hash, card_type, status, expiration_date) VALUES (48, 31, 'hash_06ba0abeaa50beb05d71ebb66f64a654', 'DEBIT', 'BLOCKED', '2029-01-21');
INSERT INTO cards (card_id, account_id, card_number_hash, card_type, status, expiration_date) VALUES (49, 31, 'hash_58d474b2c9089bff1b41402885c6c6b7', 'DEBIT', 'ACTIVE', '2027-03-24');
INSERT INTO cards (card_id, account_id, card_number_hash, card_type, status, expiration_date) VALUES (50, 32, 'hash_5b59622badbd7247b06aff14c778994e', 'DEBIT', 'ACTIVE', '2028-05-21');
INSERT INTO cards (card_id, account_id, card_number_hash, card_type, status, expiration_date) VALUES (51, 33, 'hash_5580d68d482db7a36d565361c420b2b5', 'DEBIT', 'BLOCKED', '2027-03-19');
INSERT INTO cards (card_id, account_id, card_number_hash, card_type, status, expiration_date) VALUES (52, 33, 'hash_7f5df1d97d1fb75cd787fe1ceb96c29c', 'VIRTUAL', 'BLOCKED', '2028-11-10');
INSERT INTO cards (card_id, account_id, card_number_hash, card_type, status, expiration_date) VALUES (53, 34, 'hash_3d1953ce6e8d882552e121f826df70ce', 'CREDIT', 'BLOCKED', '2027-04-24');
INSERT INTO cards (card_id, account_id, card_number_hash, card_type, status, expiration_date) VALUES (54, 34, 'hash_045eb3978dcbd38cee502a5c3d2fd848', 'VIRTUAL', 'BLOCKED', '2027-10-18');
INSERT INTO cards (card_id, account_id, card_number_hash, card_type, status, expiration_date) VALUES (55, 35, 'hash_5277692aa3a19959b79ad897031ca098', 'DEBIT', 'ACTIVE', '2027-10-14');
INSERT INTO cards (card_id, account_id, card_number_hash, card_type, status, expiration_date) VALUES (56, 35, 'hash_6f60ec8a0e4e905f6c7c32a0e2ef21ae', 'DEBIT', 'ACTIVE', '2028-06-14');
INSERT INTO cards (card_id, account_id, card_number_hash, card_type, status, expiration_date) VALUES (57, 36, 'hash_74a78a52333a31c0bab98212f08d85c8', 'DEBIT', 'BLOCKED', '2027-07-12');
INSERT INTO cards (card_id, account_id, card_number_hash, card_type, status, expiration_date) VALUES (58, 37, 'hash_c8e499d8aa2ab9b250a9547b6a65a646', 'DEBIT', 'BLOCKED', '2028-11-30');
INSERT INTO cards (card_id, account_id, card_number_hash, card_type, status, expiration_date) VALUES (59, 38, 'hash_eb713ce1bf7368a2541c80ffd3fee412', 'DEBIT', 'ACTIVE', '2027-06-11');
INSERT INTO cards (card_id, account_id, card_number_hash, card_type, status, expiration_date) VALUES (60, 38, 'hash_4b587bced4cc275da9ec987dccf2a7a6', 'VIRTUAL', 'EXPIRED', '2026-06-23');
INSERT INTO cards (card_id, account_id, card_number_hash, card_type, status, expiration_date) VALUES (61, 39, 'hash_438627a767911ff8fb6dd3cc2ba310f8', 'DEBIT', 'BLOCKED', '2027-06-06');
INSERT INTO cards (card_id, account_id, card_number_hash, card_type, status, expiration_date) VALUES (62, 39, 'hash_53b45c2fcc34796ce952697115963a57', 'CREDIT', 'BLOCKED', '2025-12-03');
INSERT INTO cards (card_id, account_id, card_number_hash, card_type, status, expiration_date) VALUES (63, 40, 'hash_5dff7c1a3104bbcce84761b228f03bf7', 'CREDIT', 'ACTIVE', '2027-04-10');
INSERT INTO cards (card_id, account_id, card_number_hash, card_type, status, expiration_date) VALUES (64, 42, 'hash_434b5f67c86712c28a10da918faf565e', 'CREDIT', 'BLOCKED', '2026-11-02');
INSERT INTO cards (card_id, account_id, card_number_hash, card_type, status, expiration_date) VALUES (65, 42, 'hash_e878dc79b11003e30f875075e83f5c57', 'VIRTUAL', 'ACTIVE', '2026-01-12');
INSERT INTO cards (card_id, account_id, card_number_hash, card_type, status, expiration_date) VALUES (66, 44, 'hash_e9e11f3b469143d755765d1fdbf06589', 'VIRTUAL', 'BLOCKED', '2028-06-18');
INSERT INTO cards (card_id, account_id, card_number_hash, card_type, status, expiration_date) VALUES (67, 44, 'hash_a2c75610e763df821aa193d889abb11b', 'VIRTUAL', 'ACTIVE', '2027-12-02');

-- 4. POPULATING FRAUD RULES
INSERT INTO fraud_rules (rule_id, rule_name, rule_type, threshold_value, is_active) VALUES (1, 'High Amount Transaction', 'VELOCITY', 10000, TRUE);
INSERT INTO fraud_rules (rule_id, rule_name, rule_type, threshold_value, is_active) VALUES (2, 'Cross-border High Risk', 'LOCATION', 5000, TRUE);
INSERT INTO fraud_rules (rule_id, rule_name, rule_type, threshold_value, is_active) VALUES (3, 'Rapid Successive Purchases', 'FREQUENCY', 3, TRUE);
INSERT INTO fraud_rules (rule_id, rule_name, rule_type, threshold_value, is_active) VALUES (4, 'Suspicious Merchant Category', 'MERCHANT', 0, TRUE);

-- 5. POPULATING TRANSACTIONS, STATUS HISTORY & ALERTS
INSERT INTO transactions (transaction_id, account_id, card_id, amount, currency, merchant_category, merchant_country, status, risk_score, transaction_at, created_at) VALUES (1, 29, 46, 203.81, 'EUR', 'Concert Tickets: Interpark Global Tickets', 'KR', 'APPROVED', 49, '2025-12-26 20:53:56', '2025-12-26 20:53:56');
INSERT INTO transaction_status_history (history_id, transaction_id, old_status, new_status, changed_at, changed_by) VALUES (1, 1, 'PENDING', 'APPROVED', '2025-12-26 20:53:56', 'fraud_system_daemon');
INSERT INTO transactions (transaction_id, account_id, card_id, amount, currency, merchant_category, merchant_country, status, risk_score, transaction_at, created_at) VALUES (2, 35, 56, 1156.03, 'USD', 'Concert Tickets: Ticketmaster Global', 'US', 'PENDING', 52, '2026-03-14 23:55:56', '2026-03-14 23:55:56');
INSERT INTO transactions (transaction_id, account_id, card_id, amount, currency, merchant_category, merchant_country, status, risk_score, transaction_at, created_at) VALUES (3, 20, 33, 2396.83, 'USD', 'Concert Tickets: Ticketmaster Global', 'US', 'APPROVED', 10, '2025-10-28 09:54:56', '2025-10-28 09:54:56');
INSERT INTO transaction_status_history (history_id, transaction_id, old_status, new_status, changed_at, changed_by) VALUES (2, 3, 'PENDING', 'APPROVED', '2025-10-28 09:54:56', 'fraud_system_daemon');
INSERT INTO transactions (transaction_id, account_id, card_id, amount, currency, merchant_category, merchant_country, status, risk_score, transaction_at, created_at) VALUES (4, 30, 47, 6.14, 'USD', 'Streaming & Media: Spotify Premium US', 'US', 'APPROVED', 18, '2025-07-17 00:13:56', '2025-07-17 00:13:56');
INSERT INTO transaction_status_history (history_id, transaction_id, old_status, new_status, changed_at, changed_by) VALUES (3, 4, 'PENDING', 'APPROVED', '2025-07-17 00:13:56', 'fraud_system_daemon');
INSERT INTO transactions (transaction_id, account_id, card_id, amount, currency, merchant_category, merchant_country, status, risk_score, transaction_at, created_at) VALUES (5, 12, 21, 19.93, 'UAH', 'Food & Cafes: Glow Up Cafe Seoul', 'KR', 'DECLINED', 75, '2026-03-29 19:21:56', '2026-03-29 19:21:56');
INSERT INTO transaction_status_history (history_id, transaction_id, old_status, new_status, changed_at, changed_by) VALUES (4, 5, 'PENDING', 'DECLINED', '2026-03-29 19:21:56', 'fraud_system_daemon');
INSERT INTO fraud_alerts (alert_id, transaction_id, rule_id, reason, risk_score, alert_status, created_at) VALUES (1, 5, 1, 'Automated alert for Glow Up Cafe Seoul due to risk score of 75 exceeding rule High Amount Transaction', 75, 'FALSE_POSITIVE', '2026-03-29 19:21:56');
INSERT INTO transactions (transaction_id, account_id, card_id, amount, currency, merchant_category, merchant_country, status, risk_score, transaction_at, created_at) VALUES (6, 32, 50, 80.69, 'EUR', 'Streaming & Media: Spotify Premium US', 'US', 'APPROVED', 24, '2026-02-26 10:22:56', '2026-02-26 10:22:56');
INSERT INTO transaction_status_history (history_id, transaction_id, old_status, new_status, changed_at, changed_by) VALUES (5, 6, 'PENDING', 'APPROVED', '2026-02-26 10:22:56', 'fraud_system_daemon');
INSERT INTO transactions (transaction_id, account_id, card_id, amount, currency, merchant_category, merchant_country, status, risk_score, transaction_at, created_at) VALUES (7, 39, 62, 67.51, 'UAH', 'Streaming & Media: Spotify Premium US', 'US', 'APPROVED', 52, '2026-01-25 02:47:56', '2026-01-25 02:47:56');
INSERT INTO transaction_status_history (history_id, transaction_id, old_status, new_status, changed_at, changed_by) VALUES (6, 7, 'PENDING', 'APPROVED', '2026-01-25 02:47:56', 'fraud_system_daemon');
INSERT INTO transactions (transaction_id, account_id, card_id, amount, currency, merchant_category, merchant_country, status, risk_score, transaction_at, created_at) VALUES (8, 20, 33, 53.05, 'USD', 'Food & Cafes: BT21 Cafe Harajuku', 'JP', 'FLAGGED', 94, '2026-02-19 16:54:56', '2026-02-19 16:54:56');
INSERT INTO transaction_status_history (history_id, transaction_id, old_status, new_status, changed_at, changed_by) VALUES (7, 8, 'PENDING', 'FLAGGED', '2026-02-19 16:54:56', 'fraud_system_daemon');
INSERT INTO fraud_alerts (alert_id, transaction_id, rule_id, reason, risk_score, alert_status, created_at) VALUES (2, 8, 4, 'Automated alert for BT21 Cafe Harajuku due to risk score of 94 exceeding rule Suspicious Merchant Category', 94, 'UNDER_REVIEW', '2026-02-19 16:54:56');
INSERT INTO transactions (transaction_id, account_id, card_id, amount, currency, merchant_category, merchant_country, status, risk_score, transaction_at, created_at) VALUES (9, 17, 28, 26.42, 'USD', 'Streaming & Media: Spotify Premium US', 'US', 'APPROVED', 1, '2025-10-29 21:06:56', '2025-10-29 21:06:56');
INSERT INTO transaction_status_history (history_id, transaction_id, old_status, new_status, changed_at, changed_by) VALUES (8, 9, 'PENDING', 'APPROVED', '2025-10-29 21:06:56', 'fraud_system_daemon');
INSERT INTO transactions (transaction_id, account_id, card_id, amount, currency, merchant_category, merchant_country, status, risk_score, transaction_at, created_at) VALUES (10, 20, 33, 88.84, 'USD', 'Streaming & Media: Spotify Premium US', 'US', 'APPROVED', 38, '2025-11-04 08:05:56', '2025-11-04 08:05:56');
INSERT INTO transaction_status_history (history_id, transaction_id, old_status, new_status, changed_at, changed_by) VALUES (9, 10, 'PENDING', 'APPROVED', '2025-11-04 08:05:56', 'fraud_system_daemon');
INSERT INTO transactions (transaction_id, account_id, card_id, amount, currency, merchant_category, merchant_country, status, risk_score, transaction_at, created_at) VALUES (11, 10, 18, 284.98, 'USD', 'Concert Tickets: Ticketmaster Global', 'US', 'APPROVED', 35, '2026-05-18 10:14:56', '2026-05-18 10:14:56');
INSERT INTO transaction_status_history (history_id, transaction_id, old_status, new_status, changed_at, changed_by) VALUES (10, 11, 'PENDING', 'APPROVED', '2026-05-18 10:14:56', 'fraud_system_daemon');
INSERT INTO transactions (transaction_id, account_id, card_id, amount, currency, merchant_category, merchant_country, status, risk_score, transaction_at, created_at) VALUES (12, 39, 61, 1688.1, 'UAH', 'Concert Tickets: Ticketmaster Global', 'US', 'APPROVED', 2, '2025-09-28 05:07:56', '2025-09-28 05:07:56');
INSERT INTO transaction_status_history (history_id, transaction_id, old_status, new_status, changed_at, changed_by) VALUES (11, 12, 'PENDING', 'APPROVED', '2025-09-28 05:07:56', 'fraud_system_daemon');
INSERT INTO transactions (transaction_id, account_id, card_id, amount, currency, merchant_category, merchant_country, status, risk_score, transaction_at, created_at) VALUES (13, 25, 42, 740.26, 'UAH', 'Concert Tickets: Interpark Global Tickets', 'KR', 'FLAGGED', 97, '2025-11-27 07:57:56', '2025-11-27 07:57:56');
INSERT INTO transaction_status_history (history_id, transaction_id, old_status, new_status, changed_at, changed_by) VALUES (12, 13, 'PENDING', 'FLAGGED', '2025-11-27 07:57:56', 'fraud_system_daemon');
INSERT INTO fraud_alerts (alert_id, transaction_id, rule_id, reason, risk_score, alert_status, created_at) VALUES (3, 13, 2, 'Automated alert for Interpark Global Tickets due to risk score of 97 exceeding rule Cross-border High Risk', 97, 'OPEN', '2025-11-27 07:57:56');
INSERT INTO transactions (transaction_id, account_id, card_id, amount, currency, merchant_category, merchant_country, status, risk_score, transaction_at, created_at) VALUES (14, 6, 10, 1171.34, 'UAH', 'Concert Tickets: Interpark Global Tickets', 'KR', 'APPROVED', 11, '2025-05-28 19:29:56', '2025-05-28 19:29:56');
INSERT INTO transaction_status_history (history_id, transaction_id, old_status, new_status, changed_at, changed_by) VALUES (13, 14, 'PENDING', 'APPROVED', '2025-05-28 19:29:56', 'fraud_system_daemon');
INSERT INTO transactions (transaction_id, account_id, card_id, amount, currency, merchant_category, merchant_country, status, risk_score, transaction_at, created_at) VALUES (15, 9, NULL, 10.42, 'USD', 'Streaming & Media: Spotify Premium US', 'US', 'DECLINED', 85, '2026-05-14 00:36:56', '2026-05-14 00:36:56');
INSERT INTO transaction_status_history (history_id, transaction_id, old_status, new_status, changed_at, changed_by) VALUES (14, 15, 'PENDING', 'DECLINED', '2026-05-14 00:36:56', 'fraud_system_daemon');
INSERT INTO fraud_alerts (alert_id, transaction_id, rule_id, reason, risk_score, alert_status, created_at) VALUES (4, 15, 2, 'Automated alert for Spotify Premium US due to risk score of 85 exceeding rule Cross-border High Risk', 85, 'UNDER_REVIEW', '2026-05-14 00:36:56');
INSERT INTO transactions (transaction_id, account_id, card_id, amount, currency, merchant_category, merchant_country, status, risk_score, transaction_at, created_at) VALUES (16, 28, 45, 84.33, 'USD', 'Travel & Lodging: In the SOOP Pyeongchang Resort', 'KR', 'DECLINED', 80, '2026-05-19 06:20:56', '2026-05-19 06:20:56');
INSERT INTO transaction_status_history (history_id, transaction_id, old_status, new_status, changed_at, changed_by) VALUES (15, 16, 'PENDING', 'DECLINED', '2026-05-19 06:20:56', 'fraud_system_daemon');
INSERT INTO fraud_alerts (alert_id, transaction_id, rule_id, reason, risk_score, alert_status, created_at) VALUES (5, 16, 1, 'Automated alert for In the SOOP Pyeongchang Resort due to risk score of 80 exceeding rule High Amount Transaction', 80, 'FALSE_POSITIVE', '2026-05-19 06:20:56');
INSERT INTO transactions (transaction_id, account_id, card_id, amount, currency, merchant_category, merchant_country, status, risk_score, transaction_at, created_at) VALUES (17, 34, 54, 237.09, 'EUR', 'K-Pop Merch & Albums: Weverse Shop Official', 'KR', 'PENDING', 42, '2026-05-01 20:02:56', '2026-05-01 20:02:56');
INSERT INTO transactions (transaction_id, account_id, card_id, amount, currency, merchant_category, merchant_country, status, risk_score, transaction_at, created_at) VALUES (18, 38, 59, 356.22, 'EUR', 'Character Goods: LINE FRIENDS BT21 Store', 'KR', 'DECLINED', 81, '2025-10-21 15:35:56', '2025-10-21 15:35:56');
INSERT INTO transaction_status_history (history_id, transaction_id, old_status, new_status, changed_at, changed_by) VALUES (16, 18, 'PENDING', 'DECLINED', '2025-10-21 15:35:56', 'fraud_system_daemon');
INSERT INTO fraud_alerts (alert_id, transaction_id, rule_id, reason, risk_score, alert_status, created_at) VALUES (6, 18, 4, 'Automated alert for LINE FRIENDS BT21 Store due to risk score of 81 exceeding rule Suspicious Merchant Category', 81, 'OPEN', '2025-10-21 15:35:56');
INSERT INTO transactions (transaction_id, account_id, card_id, amount, currency, merchant_category, merchant_country, status, risk_score, transaction_at, created_at) VALUES (19, 6, 9, 776.31, 'UAH', 'Concert Tickets: Interpark Global Tickets', 'KR', 'PENDING', 30, '2025-12-05 12:13:56', '2025-12-05 12:13:56');
INSERT INTO transactions (transaction_id, account_id, card_id, amount, currency, merchant_category, merchant_country, status, risk_score, transaction_at, created_at) VALUES (20, 33, 51, 192.95, 'UAH', 'K-Pop Merch & Albums: HYBE Merch Store', 'KR', 'APPROVED', 22, '2026-01-08 20:14:56', '2026-01-08 20:14:56');
INSERT INTO transaction_status_history (history_id, transaction_id, old_status, new_status, changed_at, changed_by) VALUES (17, 20, 'PENDING', 'APPROVED', '2026-01-08 20:14:56', 'fraud_system_daemon');
INSERT INTO transactions (transaction_id, account_id, card_id, amount, currency, merchant_category, merchant_country, status, risk_score, transaction_at, created_at) VALUES (21, 39, NULL, 74.63, 'UAH', 'Travel & Lodging: In the SOOP Pyeongchang Resort', 'KR', 'FLAGGED', 92, '2025-10-12 19:29:56', '2025-10-12 19:29:56');
INSERT INTO transaction_status_history (history_id, transaction_id, old_status, new_status, changed_at, changed_by) VALUES (18, 21, 'PENDING', 'FLAGGED', '2025-10-12 19:29:56', 'fraud_system_daemon');
INSERT INTO fraud_alerts (alert_id, transaction_id, rule_id, reason, risk_score, alert_status, created_at) VALUES (7, 21, 3, 'Automated alert for In the SOOP Pyeongchang Resort due to risk score of 92 exceeding rule Rapid Successive Purchases', 92, 'OPEN', '2025-10-12 19:29:56');
INSERT INTO transactions (transaction_id, account_id, card_id, amount, currency, merchant_category, merchant_country, status, risk_score, transaction_at, created_at) VALUES (22, 30, 47, 47.24, 'USD', 'Food & Cafes: Glow Up Cafe Seoul', 'KR', 'APPROVED', 15, '2026-05-16 01:33:56', '2026-05-16 01:33:56');
INSERT INTO transaction_status_history (history_id, transaction_id, old_status, new_status, changed_at, changed_by) VALUES (19, 22, 'PENDING', 'APPROVED', '2026-05-16 01:33:56', 'fraud_system_daemon');
INSERT INTO transactions (transaction_id, account_id, card_id, amount, currency, merchant_category, merchant_country, status, risk_score, transaction_at, created_at) VALUES (23, 14, 24, 37.17, 'EUR', 'Food & Cafes: Glow Up Cafe Seoul', 'KR', 'PENDING', 25, '2026-02-26 10:51:56', '2026-02-26 10:51:56');
INSERT INTO transactions (transaction_id, account_id, card_id, amount, currency, merchant_category, merchant_country, status, risk_score, transaction_at, created_at) VALUES (24, 15, 26, 14132.41, 'EUR', 'Luxury Fashion: Celine Paris Flagship', 'FR', 'APPROVED', 35, '2025-05-31 07:24:56', '2025-05-31 07:24:56');
INSERT INTO transaction_status_history (history_id, transaction_id, old_status, new_status, changed_at, changed_by) VALUES (20, 24, 'PENDING', 'APPROVED', '2025-05-31 07:24:56', 'fraud_system_daemon');
INSERT INTO transactions (transaction_id, account_id, card_id, amount, currency, merchant_category, merchant_country, status, risk_score, transaction_at, created_at) VALUES (25, 11, 20, 333.06, 'USD', 'K-Pop Merch & Albums: Weverse Shop Official', 'KR', 'DECLINED', 80, '2025-07-11 07:53:56', '2025-07-11 07:53:56');
INSERT INTO transaction_status_history (history_id, transaction_id, old_status, new_status, changed_at, changed_by) VALUES (21, 25, 'PENDING', 'DECLINED', '2025-07-11 07:53:56', 'fraud_system_daemon');
INSERT INTO fraud_alerts (alert_id, transaction_id, rule_id, reason, risk_score, alert_status, created_at) VALUES (8, 25, 3, 'Automated alert for Weverse Shop Official due to risk score of 80 exceeding rule Rapid Successive Purchases', 80, 'OPEN', '2025-07-11 07:53:56');
INSERT INTO transactions (transaction_id, account_id, card_id, amount, currency, merchant_category, merchant_country, status, risk_score, transaction_at, created_at) VALUES (26, 26, 43, 119.58, 'UAH', 'K-Pop Merch & Albums: Weverse Shop Official', 'KR', 'FLAGGED', 86, '2025-10-31 23:51:56', '2025-10-31 23:51:56');
INSERT INTO transaction_status_history (history_id, transaction_id, old_status, new_status, changed_at, changed_by) VALUES (22, 26, 'PENDING', 'FLAGGED', '2025-10-31 23:51:56', 'fraud_system_daemon');
INSERT INTO fraud_alerts (alert_id, transaction_id, rule_id, reason, risk_score, alert_status, created_at) VALUES (9, 26, 1, 'Automated alert for Weverse Shop Official due to risk score of 86 exceeding rule High Amount Transaction', 86, 'UNDER_REVIEW', '2025-10-31 23:51:56');
INSERT INTO transactions (transaction_id, account_id, card_id, amount, currency, merchant_category, merchant_country, status, risk_score, transaction_at, created_at) VALUES (27, 36, 57, 60.24, 'EUR', 'Food & Cafes: Glow Up Cafe Seoul', 'KR', 'APPROVED', 45, '2026-02-05 00:16:56', '2026-02-05 00:16:56');
INSERT INTO transaction_status_history (history_id, transaction_id, old_status, new_status, changed_at, changed_by) VALUES (23, 27, 'PENDING', 'APPROVED', '2026-02-05 00:16:56', 'fraud_system_daemon');
INSERT INTO transactions (transaction_id, account_id, card_id, amount, currency, merchant_category, merchant_country, status, risk_score, transaction_at, created_at) VALUES (28, 37, 58, 84.71, 'EUR', 'Travel & Lodging: In the SOOP Pyeongchang Resort', 'KR', 'APPROVED', 16, '2025-07-05 20:46:56', '2025-07-05 20:46:56');
INSERT INTO transaction_status_history (history_id, transaction_id, old_status, new_status, changed_at, changed_by) VALUES (24, 28, 'PENDING', 'APPROVED', '2025-07-05 20:46:56', 'fraud_system_daemon');
INSERT INTO transactions (transaction_id, account_id, card_id, amount, currency, merchant_category, merchant_country, status, risk_score, transaction_at, created_at) VALUES (29, 31, 48, 35.39, 'UAH', 'Character Goods: LINE FRIENDS BT21 Store', 'KR', 'APPROVED', 60, '2026-05-02 04:44:56', '2026-05-02 04:44:56');
INSERT INTO transaction_status_history (history_id, transaction_id, old_status, new_status, changed_at, changed_by) VALUES (25, 29, 'PENDING', 'APPROVED', '2026-05-02 04:44:56', 'fraud_system_daemon');
INSERT INTO transactions (transaction_id, account_id, card_id, amount, currency, merchant_category, merchant_country, status, risk_score, transaction_at, created_at) VALUES (30, 34, 53, 319.68, 'EUR', 'Character Goods: LINE FRIENDS BT21 Store', 'KR', 'FLAGGED', 93, '2025-11-23 14:42:56', '2025-11-23 14:42:56');
INSERT INTO transaction_status_history (history_id, transaction_id, old_status, new_status, changed_at, changed_by) VALUES (26, 30, 'PENDING', 'FLAGGED', '2025-11-23 14:42:56', 'fraud_system_daemon');
INSERT INTO fraud_alerts (alert_id, transaction_id, rule_id, reason, risk_score, alert_status, created_at) VALUES (10, 30, 2, 'Automated alert for LINE FRIENDS BT21 Store due to risk score of 93 exceeding rule Cross-border High Risk', 93, 'UNDER_REVIEW', '2025-11-23 14:42:56');
INSERT INTO transactions (transaction_id, account_id, card_id, amount, currency, merchant_category, merchant_country, status, risk_score, transaction_at, created_at) VALUES (31, 35, 56, 2424.96, 'USD', 'Concert Tickets: Interpark Global Tickets', 'KR', 'APPROVED', 18, '2026-05-17 22:11:56', '2026-05-17 22:11:56');
INSERT INTO transaction_status_history (history_id, transaction_id, old_status, new_status, changed_at, changed_by) VALUES (27, 31, 'PENDING', 'APPROVED', '2026-05-17 22:11:56', 'fraud_system_daemon');
INSERT INTO transactions (transaction_id, account_id, card_id, amount, currency, merchant_category, merchant_country, status, risk_score, transaction_at, created_at) VALUES (32, 13, 22, 93.03, 'USD', 'Streaming & Media: Melon Music Platform', 'KR', 'DECLINED', 83, '2025-12-23 06:11:56', '2025-12-23 06:11:56');
INSERT INTO transaction_status_history (history_id, transaction_id, old_status, new_status, changed_at, changed_by) VALUES (28, 32, 'PENDING', 'DECLINED', '2025-12-23 06:11:56', 'fraud_system_daemon');
INSERT INTO fraud_alerts (alert_id, transaction_id, rule_id, reason, risk_score, alert_status, created_at) VALUES (11, 32, 1, 'Automated alert for Melon Music Platform due to risk score of 83 exceeding rule High Amount Transaction', 83, 'FALSE_POSITIVE', '2025-12-23 06:11:56');
INSERT INTO transactions (transaction_id, account_id, card_id, amount, currency, merchant_category, merchant_country, status, risk_score, transaction_at, created_at) VALUES (33, 5, 8, 21.02, 'UAH', 'Travel & Lodging: In the SOOP Pyeongchang Resort', 'KR', 'APPROVED', 68, '2025-09-10 03:47:56', '2025-09-10 03:47:56');
INSERT INTO transaction_status_history (history_id, transaction_id, old_status, new_status, changed_at, changed_by) VALUES (29, 33, 'PENDING', 'APPROVED', '2025-09-10 03:47:56', 'fraud_system_daemon');
INSERT INTO transactions (transaction_id, account_id, card_id, amount, currency, merchant_category, merchant_country, status, risk_score, transaction_at, created_at) VALUES (34, 5, 8, 9912.61, 'UAH', 'Luxury Fashion: Louis Vuitton Gangnam', 'KR', 'APPROVED', 24, '2025-06-13 02:16:56', '2025-06-13 02:16:56');
INSERT INTO transaction_status_history (history_id, transaction_id, old_status, new_status, changed_at, changed_by) VALUES (30, 34, 'PENDING', 'APPROVED', '2025-06-13 02:16:56', 'fraud_system_daemon');
INSERT INTO transactions (transaction_id, account_id, card_id, amount, currency, merchant_category, merchant_country, status, risk_score, transaction_at, created_at) VALUES (35, 40, 63, 39.29, 'UAH', 'Streaming & Media: Spotify Premium US', 'US', 'DECLINED', 76, '2026-05-11 07:41:56', '2026-05-11 07:41:56');
INSERT INTO transaction_status_history (history_id, transaction_id, old_status, new_status, changed_at, changed_by) VALUES (31, 35, 'PENDING', 'DECLINED', '2026-05-11 07:41:56', 'fraud_system_daemon');
INSERT INTO fraud_alerts (alert_id, transaction_id, rule_id, reason, risk_score, alert_status, created_at) VALUES (12, 35, 3, 'Automated alert for Spotify Premium US due to risk score of 76 exceeding rule Rapid Successive Purchases', 76, 'OPEN', '2026-05-11 07:41:56');
INSERT INTO transactions (transaction_id, account_id, card_id, amount, currency, merchant_category, merchant_country, status, risk_score, transaction_at, created_at) VALUES (36, 6, 9, 85.41, 'UAH', 'Food & Cafes: Glow Up Cafe Seoul', 'KR', 'APPROVED', 69, '2026-02-28 13:10:56', '2026-02-28 13:10:56');
INSERT INTO transaction_status_history (history_id, transaction_id, old_status, new_status, changed_at, changed_by) VALUES (32, 36, 'PENDING', 'APPROVED', '2026-02-28 13:10:56', 'fraud_system_daemon');
INSERT INTO transactions (transaction_id, account_id, card_id, amount, currency, merchant_category, merchant_country, status, risk_score, transaction_at, created_at) VALUES (37, 6, 10, 253.26, 'UAH', 'K-Pop Merch & Albums: Weverse Shop Official', 'KR', 'APPROVED', 18, '2025-07-08 10:15:56', '2025-07-08 10:15:56');
INSERT INTO transaction_status_history (history_id, transaction_id, old_status, new_status, changed_at, changed_by) VALUES (33, 37, 'PENDING', 'APPROVED', '2025-07-08 10:15:56', 'fraud_system_daemon');
INSERT INTO transactions (transaction_id, account_id, card_id, amount, currency, merchant_category, merchant_country, status, risk_score, transaction_at, created_at) VALUES (38, 20, 33, 883.0, 'USD', 'Concert Tickets: Ticketmaster Global', 'US', 'FLAGGED', 99, '2025-05-31 10:01:56', '2025-05-31 10:01:56');
INSERT INTO transaction_status_history (history_id, transaction_id, old_status, new_status, changed_at, changed_by) VALUES (34, 38, 'PENDING', 'FLAGGED', '2025-05-31 10:01:56', 'fraud_system_daemon');
INSERT INTO fraud_alerts (alert_id, transaction_id, rule_id, reason, risk_score, alert_status, created_at) VALUES (13, 38, 3, 'Automated alert for Ticketmaster Global due to risk score of 99 exceeding rule Rapid Successive Purchases', 99, 'RESOLVED', '2025-05-31 10:01:56');
INSERT INTO transactions (transaction_id, account_id, card_id, amount, currency, merchant_category, merchant_country, status, risk_score, transaction_at, created_at) VALUES (39, 5, 7, 58.83, 'UAH', 'Streaming & Media: Melon Music Platform', 'KR', 'APPROVED', 58, '2025-07-10 11:56:56', '2025-07-10 11:56:56');
INSERT INTO transaction_status_history (history_id, transaction_id, old_status, new_status, changed_at, changed_by) VALUES (35, 39, 'PENDING', 'APPROVED', '2025-07-10 11:56:56', 'fraud_system_daemon');
INSERT INTO transactions (transaction_id, account_id, card_id, amount, currency, merchant_category, merchant_country, status, risk_score, transaction_at, created_at) VALUES (40, 18, 29, 74.01, 'USD', 'Character Goods: LINE FRIENDS BT21 Store', 'KR', 'APPROVED', 11, '2026-03-27 08:17:56', '2026-03-27 08:17:56');
INSERT INTO transaction_status_history (history_id, transaction_id, old_status, new_status, changed_at, changed_by) VALUES (36, 40, 'PENDING', 'APPROVED', '2026-03-27 08:17:56', 'fraud_system_daemon');
INSERT INTO transactions (transaction_id, account_id, card_id, amount, currency, merchant_category, merchant_country, status, risk_score, transaction_at, created_at) VALUES (41, 39, 62, 65.77, 'UAH', 'Streaming & Media: Melon Music Platform', 'KR', 'APPROVED', 57, '2026-03-07 10:46:56', '2026-03-07 10:46:56');
INSERT INTO transaction_status_history (history_id, transaction_id, old_status, new_status, changed_at, changed_by) VALUES (37, 41, 'PENDING', 'APPROVED', '2026-03-07 10:46:56', 'fraud_system_daemon');
INSERT INTO transactions (transaction_id, account_id, card_id, amount, currency, merchant_category, merchant_country, status, risk_score, transaction_at, created_at) VALUES (42, 42, NULL, 16.93, 'EUR', 'Food & Cafes: Glow Up Cafe Seoul', 'KR', 'DECLINED', 72, '2025-08-30 08:33:56', '2025-08-30 08:33:56');
INSERT INTO transaction_status_history (history_id, transaction_id, old_status, new_status, changed_at, changed_by) VALUES (38, 42, 'PENDING', 'DECLINED', '2025-08-30 08:33:56', 'fraud_system_daemon');
INSERT INTO fraud_alerts (alert_id, transaction_id, rule_id, reason, risk_score, alert_status, created_at) VALUES (14, 42, 4, 'Automated alert for Glow Up Cafe Seoul due to risk score of 72 exceeding rule Suspicious Merchant Category', 72, 'FALSE_POSITIVE', '2025-08-30 08:33:56');
INSERT INTO transactions (transaction_id, account_id, card_id, amount, currency, merchant_category, merchant_country, status, risk_score, transaction_at, created_at) VALUES (43, 27, 44, 24.69, 'EUR', 'Food & Cafes: BT21 Cafe Harajuku', 'JP', 'FLAGGED', 99, '2025-09-08 14:04:56', '2025-09-08 14:04:56');
INSERT INTO transaction_status_history (history_id, transaction_id, old_status, new_status, changed_at, changed_by) VALUES (39, 43, 'PENDING', 'FLAGGED', '2025-09-08 14:04:56', 'fraud_system_daemon');
INSERT INTO fraud_alerts (alert_id, transaction_id, rule_id, reason, risk_score, alert_status, created_at) VALUES (15, 43, 2, 'Automated alert for BT21 Cafe Harajuku due to risk score of 99 exceeding rule Cross-border High Risk', 99, 'OPEN', '2025-09-08 14:04:56');
INSERT INTO transactions (transaction_id, account_id, card_id, amount, currency, merchant_category, merchant_country, status, risk_score, transaction_at, created_at) VALUES (44, 8, 13, 201.84, 'EUR', 'Character Goods: LINE FRIENDS BT21 Store', 'KR', 'FLAGGED', 99, '2025-10-06 13:56:56', '2025-10-06 13:56:56');
INSERT INTO transaction_status_history (history_id, transaction_id, old_status, new_status, changed_at, changed_by) VALUES (40, 44, 'PENDING', 'FLAGGED', '2025-10-06 13:56:56', 'fraud_system_daemon');
INSERT INTO fraud_alerts (alert_id, transaction_id, rule_id, reason, risk_score, alert_status, created_at) VALUES (16, 44, 4, 'Automated alert for LINE FRIENDS BT21 Store due to risk score of 99 exceeding rule Suspicious Merchant Category', 99, 'UNDER_REVIEW', '2025-10-06 13:56:56');
INSERT INTO transactions (transaction_id, account_id, card_id, amount, currency, merchant_category, merchant_country, status, risk_score, transaction_at, created_at) VALUES (45, 44, 67, 11164.31, 'EUR', 'Luxury Fashion: Gucci Tokyo Boutique', 'JP', 'DECLINED', 80, '2026-05-01 02:32:56', '2026-05-01 02:32:56');
INSERT INTO transaction_status_history (history_id, transaction_id, old_status, new_status, changed_at, changed_by) VALUES (41, 45, 'PENDING', 'DECLINED', '2026-05-01 02:32:56', 'fraud_system_daemon');
INSERT INTO fraud_alerts (alert_id, transaction_id, rule_id, reason, risk_score, alert_status, created_at) VALUES (17, 45, 2, 'Automated alert for Gucci Tokyo Boutique due to risk score of 80 exceeding rule Cross-border High Risk', 80, 'UNDER_REVIEW', '2026-05-01 02:32:56');
INSERT INTO transactions (transaction_id, account_id, card_id, amount, currency, merchant_category, merchant_country, status, risk_score, transaction_at, created_at) VALUES (46, 11, 19, 1328.76, 'USD', 'Luxury Fashion: Gucci Tokyo Boutique', 'JP', 'FLAGGED', 98, '2025-12-06 11:09:56', '2025-12-06 11:09:56');
INSERT INTO transaction_status_history (history_id, transaction_id, old_status, new_status, changed_at, changed_by) VALUES (42, 46, 'PENDING', 'FLAGGED', '2025-12-06 11:09:56', 'fraud_system_daemon');
INSERT INTO fraud_alerts (alert_id, transaction_id, rule_id, reason, risk_score, alert_status, created_at) VALUES (18, 46, 4, 'Automated alert for Gucci Tokyo Boutique due to risk score of 98 exceeding rule Suspicious Merchant Category', 98, 'OPEN', '2025-12-06 11:09:56');
INSERT INTO transactions (transaction_id, account_id, card_id, amount, currency, merchant_category, merchant_country, status, risk_score, transaction_at, created_at) VALUES (47, 3, 4, 2015.0, 'UAH', 'Concert Tickets: Ticketmaster Global', 'US', 'FLAGGED', 100, '2025-08-17 11:35:56', '2025-08-17 11:35:56');
INSERT INTO transaction_status_history (history_id, transaction_id, old_status, new_status, changed_at, changed_by) VALUES (43, 47, 'PENDING', 'FLAGGED', '2025-08-17 11:35:56', 'fraud_system_daemon');
INSERT INTO fraud_alerts (alert_id, transaction_id, rule_id, reason, risk_score, alert_status, created_at) VALUES (19, 47, 1, 'Automated alert for Ticketmaster Global due to risk score of 100 exceeding rule High Amount Transaction', 100, 'FALSE_POSITIVE', '2025-08-17 11:35:56');
INSERT INTO transactions (transaction_id, account_id, card_id, amount, currency, merchant_category, merchant_country, status, risk_score, transaction_at, created_at) VALUES (48, 44, 66, 144.64, 'EUR', 'K-Pop Merch & Albums: Weverse Shop Official', 'KR', 'APPROVED', 22, '2026-01-24 13:56:56', '2026-01-24 13:56:56');
INSERT INTO transaction_status_history (history_id, transaction_id, old_status, new_status, changed_at, changed_by) VALUES (44, 48, 'PENDING', 'APPROVED', '2026-01-24 13:56:56', 'fraud_system_daemon');
INSERT INTO transactions (transaction_id, account_id, card_id, amount, currency, merchant_category, merchant_country, status, risk_score, transaction_at, created_at) VALUES (49, 23, 38, 873.38, 'USD', 'Concert Tickets: Ticketmaster Global', 'US', 'APPROVED', 50, '2025-06-04 07:40:56', '2025-06-04 07:40:56');
INSERT INTO transaction_status_history (history_id, transaction_id, old_status, new_status, changed_at, changed_by) VALUES (45, 49, 'PENDING', 'APPROVED', '2025-06-04 07:40:56', 'fraud_system_daemon');
INSERT INTO transactions (transaction_id, account_id, card_id, amount, currency, merchant_category, merchant_country, status, risk_score, transaction_at, created_at) VALUES (50, 18, 29, 2770.49, 'USD', 'Luxury Fashion: Louis Vuitton Gangnam', 'KR', 'APPROVED', 38, '2025-08-01 08:39:56', '2025-08-01 08:39:56');
INSERT INTO transaction_status_history (history_id, transaction_id, old_status, new_status, changed_at, changed_by) VALUES (46, 50, 'PENDING', 'APPROVED', '2025-08-01 08:39:56', 'fraud_system_daemon');
INSERT INTO transactions (transaction_id, account_id, card_id, amount, currency, merchant_category, merchant_country, status, risk_score, transaction_at, created_at) VALUES (51, 11, 20, 1345.64, 'USD', 'Concert Tickets: Interpark Global Tickets', 'KR', 'APPROVED', 21, '2025-11-14 08:18:56', '2025-11-14 08:18:56');
INSERT INTO transaction_status_history (history_id, transaction_id, old_status, new_status, changed_at, changed_by) VALUES (47, 51, 'PENDING', 'APPROVED', '2025-11-14 08:18:56', 'fraud_system_daemon');
INSERT INTO transactions (transaction_id, account_id, card_id, amount, currency, merchant_category, merchant_country, status, risk_score, transaction_at, created_at) VALUES (52, 34, 54, 3751.38, 'EUR', 'Luxury Fashion: Celine Paris Flagship', 'FR', 'PENDING', 12, '2026-05-24 18:52:56', '2026-05-24 18:52:56');
INSERT INTO transactions (transaction_id, account_id, card_id, amount, currency, merchant_category, merchant_country, status, risk_score, transaction_at, created_at) VALUES (53, 8, 14, 1684.8, 'EUR', 'Concert Tickets: Ticketmaster Global', 'US', 'DECLINED', 73, '2026-02-02 06:48:56', '2026-02-02 06:48:56');
INSERT INTO transaction_status_history (history_id, transaction_id, old_status, new_status, changed_at, changed_by) VALUES (48, 53, 'PENDING', 'DECLINED', '2026-02-02 06:48:56', 'fraud_system_daemon');
INSERT INTO fraud_alerts (alert_id, transaction_id, rule_id, reason, risk_score, alert_status, created_at) VALUES (20, 53, 3, 'Automated alert for Ticketmaster Global due to risk score of 73 exceeding rule Rapid Successive Purchases', 73, 'FALSE_POSITIVE', '2026-02-02 06:48:56');
INSERT INTO transactions (transaction_id, account_id, card_id, amount, currency, merchant_category, merchant_country, status, risk_score, transaction_at, created_at) VALUES (54, 18, 29, 12403.04, 'USD', 'Luxury Fashion: Louis Vuitton Gangnam', 'KR', 'APPROVED', 51, '2026-05-20 12:49:56', '2026-05-20 12:49:56');
INSERT INTO transaction_status_history (history_id, transaction_id, old_status, new_status, changed_at, changed_by) VALUES (49, 54, 'PENDING', 'APPROVED', '2026-05-20 12:49:56', 'fraud_system_daemon');
INSERT INTO transactions (transaction_id, account_id, card_id, amount, currency, merchant_category, merchant_country, status, risk_score, transaction_at, created_at) VALUES (55, 7, NULL, 1639.12, 'USD', 'Luxury Fashion: Gucci Tokyo Boutique', 'JP', 'APPROVED', 1, '2025-08-09 19:13:56', '2025-08-09 19:13:56');
INSERT INTO transaction_status_history (history_id, transaction_id, old_status, new_status, changed_at, changed_by) VALUES (50, 55, 'PENDING', 'APPROVED', '2025-08-09 19:13:56', 'fraud_system_daemon');
INSERT INTO transactions (transaction_id, account_id, card_id, amount, currency, merchant_category, merchant_country, status, risk_score, transaction_at, created_at) VALUES (56, 2, 3, 1236.81, 'USD', 'Luxury Fashion: Louis Vuitton Gangnam', 'KR', 'FLAGGED', 92, '2026-03-04 01:17:56', '2026-03-04 01:17:56');
INSERT INTO transaction_status_history (history_id, transaction_id, old_status, new_status, changed_at, changed_by) VALUES (51, 56, 'PENDING', 'FLAGGED', '2026-03-04 01:17:56', 'fraud_system_daemon');
INSERT INTO fraud_alerts (alert_id, transaction_id, rule_id, reason, risk_score, alert_status, created_at) VALUES (21, 56, 2, 'Automated alert for Louis Vuitton Gangnam due to risk score of 92 exceeding rule Cross-border High Risk', 92, 'RESOLVED', '2026-03-04 01:17:56');
INSERT INTO transactions (transaction_id, account_id, card_id, amount, currency, merchant_category, merchant_country, status, risk_score, transaction_at, created_at) VALUES (57, 15, 25, 380.22, 'EUR', 'K-Pop Merch & Albums: HYBE Merch Store', 'KR', 'APPROVED', 2, '2025-06-19 04:18:56', '2025-06-19 04:18:56');
INSERT INTO transaction_status_history (history_id, transaction_id, old_status, new_status, changed_at, changed_by) VALUES (52, 57, 'PENDING', 'APPROVED', '2025-06-19 04:18:56', 'fraud_system_daemon');
INSERT INTO transactions (transaction_id, account_id, card_id, amount, currency, merchant_category, merchant_country, status, risk_score, transaction_at, created_at) VALUES (58, 25, 41, 367.06, 'UAH', 'K-Pop Merch & Albums: Weverse Shop Official', 'KR', 'APPROVED', 32, '2025-08-28 03:10:56', '2025-08-28 03:10:56');
INSERT INTO transaction_status_history (history_id, transaction_id, old_status, new_status, changed_at, changed_by) VALUES (53, 58, 'PENDING', 'APPROVED', '2025-08-28 03:10:56', 'fraud_system_daemon');
INSERT INTO transactions (transaction_id, account_id, card_id, amount, currency, merchant_category, merchant_country, status, risk_score, transaction_at, created_at) VALUES (59, 44, 67, 7788.8, 'EUR', 'Luxury Fashion: Louis Vuitton Gangnam', 'KR', 'APPROVED', 55, '2025-09-09 05:07:56', '2025-09-09 05:07:56');
INSERT INTO transaction_status_history (history_id, transaction_id, old_status, new_status, changed_at, changed_by) VALUES (54, 59, 'PENDING', 'APPROVED', '2025-09-09 05:07:56', 'fraud_system_daemon');
INSERT INTO transactions (transaction_id, account_id, card_id, amount, currency, merchant_category, merchant_country, status, risk_score, transaction_at, created_at) VALUES (60, 21, 35, 5837.12, 'UAH', 'Luxury Fashion: Celine Paris Flagship', 'FR', 'FLAGGED', 94, '2026-02-22 17:17:56', '2026-02-22 17:17:56');
INSERT INTO transaction_status_history (history_id, transaction_id, old_status, new_status, changed_at, changed_by) VALUES (55, 60, 'PENDING', 'FLAGGED', '2026-02-22 17:17:56', 'fraud_system_daemon');
INSERT INTO fraud_alerts (alert_id, transaction_id, rule_id, reason, risk_score, alert_status, created_at) VALUES (22, 60, 2, 'Automated alert for Celine Paris Flagship due to risk score of 94 exceeding rule Cross-border High Risk', 94, 'UNDER_REVIEW', '2026-02-22 17:17:56');
INSERT INTO transactions (transaction_id, account_id, card_id, amount, currency, merchant_category, merchant_country, status, risk_score, transaction_at, created_at) VALUES (61, 33, 52, 50.72, 'UAH', 'Food & Cafes: BT21 Cafe Harajuku', 'JP', 'APPROVED', 28, '2026-01-29 18:45:56', '2026-01-29 18:45:56');
INSERT INTO transaction_status_history (history_id, transaction_id, old_status, new_status, changed_at, changed_by) VALUES (56, 61, 'PENDING', 'APPROVED', '2026-01-29 18:45:56', 'fraud_system_daemon');
INSERT INTO transactions (transaction_id, account_id, card_id, amount, currency, merchant_category, merchant_country, status, risk_score, transaction_at, created_at) VALUES (62, 2, 3, 65.34, 'USD', 'Food & Cafes: BT21 Cafe Harajuku', 'JP', 'APPROVED', 20, '2026-03-12 08:45:56', '2026-03-12 08:45:56');
INSERT INTO transaction_status_history (history_id, transaction_id, old_status, new_status, changed_at, changed_by) VALUES (57, 62, 'PENDING', 'APPROVED', '2026-03-12 08:45:56', 'fraud_system_daemon');
INSERT INTO transactions (transaction_id, account_id, card_id, amount, currency, merchant_category, merchant_country, status, risk_score, transaction_at, created_at) VALUES (63, 9, 16, 134.33, 'USD', 'K-Pop Merch & Albums: HYBE Merch Store', 'KR', 'APPROVED', 17, '2025-07-04 19:45:56', '2025-07-04 19:45:56');
INSERT INTO transaction_status_history (history_id, transaction_id, old_status, new_status, changed_at, changed_by) VALUES (58, 63, 'PENDING', 'APPROVED', '2025-07-04 19:45:56', 'fraud_system_daemon');
INSERT INTO transactions (transaction_id, account_id, card_id, amount, currency, merchant_category, merchant_country, status, risk_score, transaction_at, created_at) VALUES (64, 6, 10, 68.91, 'UAH', 'Travel & Lodging: In the SOOP Pyeongchang Resort', 'KR', 'DECLINED', 73, '2025-09-27 19:27:56', '2025-09-27 19:27:56');
INSERT INTO transaction_status_history (history_id, transaction_id, old_status, new_status, changed_at, changed_by) VALUES (59, 64, 'PENDING', 'DECLINED', '2025-09-27 19:27:56', 'fraud_system_daemon');
INSERT INTO fraud_alerts (alert_id, transaction_id, rule_id, reason, risk_score, alert_status, created_at) VALUES (23, 64, 2, 'Automated alert for In the SOOP Pyeongchang Resort due to risk score of 73 exceeding rule Cross-border High Risk', 73, 'FALSE_POSITIVE', '2025-09-27 19:27:56');
INSERT INTO transactions (transaction_id, account_id, card_id, amount, currency, merchant_category, merchant_country, status, risk_score, transaction_at, created_at) VALUES (65, 7, NULL, 23.42, 'USD', 'Food & Cafes: BT21 Cafe Harajuku', 'JP', 'APPROVED', 48, '2025-11-30 21:03:56', '2025-11-30 21:03:56');
INSERT INTO transaction_status_history (history_id, transaction_id, old_status, new_status, changed_at, changed_by) VALUES (60, 65, 'PENDING', 'APPROVED', '2025-11-30 21:03:56', 'fraud_system_daemon');
INSERT INTO transactions (transaction_id, account_id, card_id, amount, currency, merchant_category, merchant_country, status, risk_score, transaction_at, created_at) VALUES (66, 17, 28, 14320.0, 'USD', 'Luxury Fashion: Celine Paris Flagship', 'FR', 'FLAGGED', 96, '2026-03-23 02:49:56', '2026-03-23 02:49:56');
INSERT INTO transaction_status_history (history_id, transaction_id, old_status, new_status, changed_at, changed_by) VALUES (61, 66, 'PENDING', 'FLAGGED', '2026-03-23 02:49:56', 'fraud_system_daemon');
INSERT INTO fraud_alerts (alert_id, transaction_id, rule_id, reason, risk_score, alert_status, created_at) VALUES (24, 66, 2, 'Automated alert for Celine Paris Flagship due to risk score of 96 exceeding rule Cross-border High Risk', 96, 'FALSE_POSITIVE', '2026-03-23 02:49:56');
INSERT INTO transactions (transaction_id, account_id, card_id, amount, currency, merchant_category, merchant_country, status, risk_score, transaction_at, created_at) VALUES (67, 28, 45, 14057.09, 'USD', 'Luxury Fashion: Celine Paris Flagship', 'FR', 'APPROVED', 24, '2025-06-08 14:00:56', '2025-06-08 14:00:56');
INSERT INTO transaction_status_history (history_id, transaction_id, old_status, new_status, changed_at, changed_by) VALUES (62, 67, 'PENDING', 'APPROVED', '2025-06-08 14:00:56', 'fraud_system_daemon');
INSERT INTO transactions (transaction_id, account_id, card_id, amount, currency, merchant_category, merchant_country, status, risk_score, transaction_at, created_at) VALUES (68, 27, NULL, 40.88, 'EUR', 'Food & Cafes: BT21 Cafe Harajuku', 'JP', 'FLAGGED', 87, '2026-02-15 10:37:56', '2026-02-15 10:37:56');
INSERT INTO transaction_status_history (history_id, transaction_id, old_status, new_status, changed_at, changed_by) VALUES (63, 68, 'PENDING', 'FLAGGED', '2026-02-15 10:37:56', 'fraud_system_daemon');
INSERT INTO fraud_alerts (alert_id, transaction_id, rule_id, reason, risk_score, alert_status, created_at) VALUES (25, 68, 1, 'Automated alert for BT21 Cafe Harajuku due to risk score of 87 exceeding rule High Amount Transaction', 87, 'RESOLVED', '2026-02-15 10:37:56');
INSERT INTO transactions (transaction_id, account_id, card_id, amount, currency, merchant_category, merchant_country, status, risk_score, transaction_at, created_at) VALUES (69, 20, 33, 10109.09, 'USD', 'Luxury Fashion: Louis Vuitton Gangnam', 'KR', 'APPROVED', 61, '2026-02-18 01:07:56', '2026-02-18 01:07:56');
INSERT INTO transaction_status_history (history_id, transaction_id, old_status, new_status, changed_at, changed_by) VALUES (64, 69, 'PENDING', 'APPROVED', '2026-02-18 01:07:56', 'fraud_system_daemon');
INSERT INTO transactions (transaction_id, account_id, card_id, amount, currency, merchant_category, merchant_country, status, risk_score, transaction_at, created_at) VALUES (70, 29, 46, 92.78, 'EUR', 'Character Goods: LINE FRIENDS BT21 Store', 'KR', 'APPROVED', 70, '2026-02-06 14:22:56', '2026-02-06 14:22:56');
INSERT INTO transaction_status_history (history_id, transaction_id, old_status, new_status, changed_at, changed_by) VALUES (65, 70, 'PENDING', 'APPROVED', '2026-02-06 14:22:56', 'fraud_system_daemon');
INSERT INTO transactions (transaction_id, account_id, card_id, amount, currency, merchant_category, merchant_country, status, risk_score, transaction_at, created_at) VALUES (71, 19, 32, 504.33, 'USD', 'Concert Tickets: Ticketmaster Global', 'US', 'APPROVED', 34, '2025-08-04 10:56:56', '2025-08-04 10:56:56');
INSERT INTO transaction_status_history (history_id, transaction_id, old_status, new_status, changed_at, changed_by) VALUES (66, 71, 'PENDING', 'APPROVED', '2025-08-04 10:56:56', 'fraud_system_daemon');
INSERT INTO transactions (transaction_id, account_id, card_id, amount, currency, merchant_category, merchant_country, status, risk_score, transaction_at, created_at) VALUES (72, 15, 25, 32.61, 'EUR', 'Travel & Lodging: In the SOOP Pyeongchang Resort', 'KR', 'APPROVED', 63, '2026-02-07 07:57:56', '2026-02-07 07:57:56');
INSERT INTO transaction_status_history (history_id, transaction_id, old_status, new_status, changed_at, changed_by) VALUES (67, 72, 'PENDING', 'APPROVED', '2026-02-07 07:57:56', 'fraud_system_daemon');
INSERT INTO transactions (transaction_id, account_id, card_id, amount, currency, merchant_category, merchant_country, status, risk_score, transaction_at, created_at) VALUES (73, 10, 18, 43.81, 'USD', 'Travel & Lodging: In the SOOP Pyeongchang Resort', 'KR', 'APPROVED', 10, '2026-02-23 21:31:56', '2026-02-23 21:31:56');
INSERT INTO transaction_status_history (history_id, transaction_id, old_status, new_status, changed_at, changed_by) VALUES (68, 73, 'PENDING', 'APPROVED', '2026-02-23 21:31:56', 'fraud_system_daemon');
INSERT INTO transactions (transaction_id, account_id, card_id, amount, currency, merchant_category, merchant_country, status, risk_score, transaction_at, created_at) VALUES (74, 39, NULL, 203.77, 'UAH', 'K-Pop Merch & Albums: HYBE Merch Store', 'KR', 'APPROVED', 50, '2025-09-26 16:14:56', '2025-09-26 16:14:56');
INSERT INTO transaction_status_history (history_id, transaction_id, old_status, new_status, changed_at, changed_by) VALUES (69, 74, 'PENDING', 'APPROVED', '2025-09-26 16:14:56', 'fraud_system_daemon');
INSERT INTO transactions (transaction_id, account_id, card_id, amount, currency, merchant_category, merchant_country, status, risk_score, transaction_at, created_at) VALUES (75, 7, 12, 23.07, 'USD', 'Character Goods: LINE FRIENDS BT21 Store', 'KR', 'APPROVED', 7, '2026-03-17 14:27:56', '2026-03-17 14:27:56');
INSERT INTO transaction_status_history (history_id, transaction_id, old_status, new_status, changed_at, changed_by) VALUES (70, 75, 'PENDING', 'APPROVED', '2026-03-17 14:27:56', 'fraud_system_daemon');
INSERT INTO transactions (transaction_id, account_id, card_id, amount, currency, merchant_category, merchant_country, status, risk_score, transaction_at, created_at) VALUES (76, 16, 27, 77.23, 'UAH', 'Food & Cafes: BT21 Cafe Harajuku', 'JP', 'DECLINED', 74, '2025-11-22 19:25:56', '2025-11-22 19:25:56');
INSERT INTO transaction_status_history (history_id, transaction_id, old_status, new_status, changed_at, changed_by) VALUES (71, 76, 'PENDING', 'DECLINED', '2025-11-22 19:25:56', 'fraud_system_daemon');
INSERT INTO fraud_alerts (alert_id, transaction_id, rule_id, reason, risk_score, alert_status, created_at) VALUES (26, 76, 3, 'Automated alert for BT21 Cafe Harajuku due to risk score of 74 exceeding rule Rapid Successive Purchases', 74, 'RESOLVED', '2025-11-22 19:25:56');
INSERT INTO transactions (transaction_id, account_id, card_id, amount, currency, merchant_category, merchant_country, status, risk_score, transaction_at, created_at) VALUES (77, 19, 32, 13111.5, 'USD', 'Luxury Fashion: Celine Paris Flagship', 'FR', 'APPROVED', 16, '2025-07-03 04:44:56', '2025-07-03 04:44:56');
INSERT INTO transaction_status_history (history_id, transaction_id, old_status, new_status, changed_at, changed_by) VALUES (72, 77, 'PENDING', 'APPROVED', '2025-07-03 04:44:56', 'fraud_system_daemon');
INSERT INTO transactions (transaction_id, account_id, card_id, amount, currency, merchant_category, merchant_country, status, risk_score, transaction_at, created_at) VALUES (78, 32, 50, 90.13, 'EUR', 'Travel & Lodging: In the SOOP Pyeongchang Resort', 'KR', 'APPROVED', 28, '2026-05-25 07:26:56', '2026-05-25 07:26:56');
INSERT INTO transaction_status_history (history_id, transaction_id, old_status, new_status, changed_at, changed_by) VALUES (73, 78, 'PENDING', 'APPROVED', '2026-05-25 07:26:56', 'fraud_system_daemon');
INSERT INTO transactions (transaction_id, account_id, card_id, amount, currency, merchant_category, merchant_country, status, risk_score, transaction_at, created_at) VALUES (79, 15, 26, 4198.72, 'EUR', 'Luxury Fashion: Louis Vuitton Gangnam', 'KR', 'APPROVED', 19, '2026-04-25 18:37:56', '2026-04-25 18:37:56');
INSERT INTO transaction_status_history (history_id, transaction_id, old_status, new_status, changed_at, changed_by) VALUES (74, 79, 'PENDING', 'APPROVED', '2026-04-25 18:37:56', 'fraud_system_daemon');
INSERT INTO transactions (transaction_id, account_id, card_id, amount, currency, merchant_category, merchant_country, status, risk_score, transaction_at, created_at) VALUES (80, 29, 46, 13.95, 'EUR', 'Food & Cafes: BT21 Cafe Harajuku', 'JP', 'APPROVED', 38, '2026-03-15 12:02:56', '2026-03-15 12:02:56');
INSERT INTO transaction_status_history (history_id, transaction_id, old_status, new_status, changed_at, changed_by) VALUES (75, 80, 'PENDING', 'APPROVED', '2026-03-15 12:02:56', 'fraud_system_daemon');
INSERT INTO transactions (transaction_id, account_id, card_id, amount, currency, merchant_category, merchant_country, status, risk_score, transaction_at, created_at) VALUES (81, 15, 26, 8.12, 'EUR', 'Streaming & Media: Melon Music Platform', 'KR', 'APPROVED', 3, '2025-06-08 08:39:56', '2025-06-08 08:39:56');
INSERT INTO transaction_status_history (history_id, transaction_id, old_status, new_status, changed_at, changed_by) VALUES (76, 81, 'PENDING', 'APPROVED', '2025-06-08 08:39:56', 'fraud_system_daemon');
INSERT INTO transactions (transaction_id, account_id, card_id, amount, currency, merchant_category, merchant_country, status, risk_score, transaction_at, created_at) VALUES (82, 3, 5, 350.48, 'UAH', 'Concert Tickets: Ticketmaster Global', 'US', 'APPROVED', 34, '2026-01-29 02:04:56', '2026-01-29 02:04:56');
INSERT INTO transaction_status_history (history_id, transaction_id, old_status, new_status, changed_at, changed_by) VALUES (77, 82, 'PENDING', 'APPROVED', '2026-01-29 02:04:56', 'fraud_system_daemon');
INSERT INTO transactions (transaction_id, account_id, card_id, amount, currency, merchant_category, merchant_country, status, risk_score, transaction_at, created_at) VALUES (83, 44, 67, 26.77, 'EUR', 'Food & Cafes: Glow Up Cafe Seoul', 'KR', 'FLAGGED', 88, '2026-03-21 07:12:56', '2026-03-21 07:12:56');
INSERT INTO transaction_status_history (history_id, transaction_id, old_status, new_status, changed_at, changed_by) VALUES (78, 83, 'PENDING', 'FLAGGED', '2026-03-21 07:12:56', 'fraud_system_daemon');
INSERT INTO fraud_alerts (alert_id, transaction_id, rule_id, reason, risk_score, alert_status, created_at) VALUES (27, 83, 4, 'Automated alert for Glow Up Cafe Seoul due to risk score of 88 exceeding rule Suspicious Merchant Category', 88, 'FALSE_POSITIVE', '2026-03-21 07:12:56');
INSERT INTO transactions (transaction_id, account_id, card_id, amount, currency, merchant_category, merchant_country, status, risk_score, transaction_at, created_at) VALUES (84, 39, 62, 82.06, 'UAH', 'Streaming & Media: Spotify Premium US', 'US', 'APPROVED', 57, '2025-08-24 21:57:56', '2025-08-24 21:57:56');
INSERT INTO transaction_status_history (history_id, transaction_id, old_status, new_status, changed_at, changed_by) VALUES (79, 84, 'PENDING', 'APPROVED', '2025-08-24 21:57:56', 'fraud_system_daemon');
INSERT INTO transactions (transaction_id, account_id, card_id, amount, currency, merchant_category, merchant_country, status, risk_score, transaction_at, created_at) VALUES (85, 7, 12, 6267.27, 'USD', 'Luxury Fashion: Celine Paris Flagship', 'FR', 'FLAGGED', 100, '2025-09-26 09:09:56', '2025-09-26 09:09:56');
INSERT INTO transaction_status_history (history_id, transaction_id, old_status, new_status, changed_at, changed_by) VALUES (80, 85, 'PENDING', 'FLAGGED', '2025-09-26 09:09:56', 'fraud_system_daemon');
INSERT INTO fraud_alerts (alert_id, transaction_id, rule_id, reason, risk_score, alert_status, created_at) VALUES (28, 85, 3, 'Automated alert for Celine Paris Flagship due to risk score of 100 exceeding rule Rapid Successive Purchases', 100, 'OPEN', '2025-09-26 09:09:56');
INSERT INTO transactions (transaction_id, account_id, card_id, amount, currency, merchant_category, merchant_country, status, risk_score, transaction_at, created_at) VALUES (86, 3, 5, 2727.5, 'UAH', 'Luxury Fashion: Celine Paris Flagship', 'FR', 'APPROVED', 6, '2025-12-14 08:51:56', '2025-12-14 08:51:56');
INSERT INTO transaction_status_history (history_id, transaction_id, old_status, new_status, changed_at, changed_by) VALUES (81, 86, 'PENDING', 'APPROVED', '2025-12-14 08:51:56', 'fraud_system_daemon');
INSERT INTO transactions (transaction_id, account_id, card_id, amount, currency, merchant_category, merchant_country, status, risk_score, transaction_at, created_at) VALUES (87, 21, 34, 14.34, 'UAH', 'Food & Cafes: Glow Up Cafe Seoul', 'KR', 'APPROVED', 4, '2025-06-03 15:34:56', '2025-06-03 15:34:56');
INSERT INTO transaction_status_history (history_id, transaction_id, old_status, new_status, changed_at, changed_by) VALUES (82, 87, 'PENDING', 'APPROVED', '2025-06-03 15:34:56', 'fraud_system_daemon');
INSERT INTO transactions (transaction_id, account_id, card_id, amount, currency, merchant_category, merchant_country, status, risk_score, transaction_at, created_at) VALUES (88, 7, 11, 85.44, 'USD', 'Food & Cafes: Glow Up Cafe Seoul', 'KR', 'APPROVED', 42, '2025-10-16 21:40:56', '2025-10-16 21:40:56');
INSERT INTO transaction_status_history (history_id, transaction_id, old_status, new_status, changed_at, changed_by) VALUES (83, 88, 'PENDING', 'APPROVED', '2025-10-16 21:40:56', 'fraud_system_daemon');
INSERT INTO transactions (transaction_id, account_id, card_id, amount, currency, merchant_category, merchant_country, status, risk_score, transaction_at, created_at) VALUES (89, 19, 31, 166.55, 'USD', 'K-Pop Merch & Albums: HYBE Merch Store', 'KR', 'APPROVED', 19, '2025-06-01 21:22:56', '2025-06-01 21:22:56');
INSERT INTO transaction_status_history (history_id, transaction_id, old_status, new_status, changed_at, changed_by) VALUES (84, 89, 'PENDING', 'APPROVED', '2025-06-01 21:22:56', 'fraud_system_daemon');
INSERT INTO transactions (transaction_id, account_id, card_id, amount, currency, merchant_category, merchant_country, status, risk_score, transaction_at, created_at) VALUES (90, 44, 66, 5110.81, 'EUR', 'Luxury Fashion: Celine Paris Flagship', 'FR', 'APPROVED', 25, '2026-05-01 14:09:56', '2026-05-01 14:09:56');
INSERT INTO transaction_status_history (history_id, transaction_id, old_status, new_status, changed_at, changed_by) VALUES (85, 90, 'PENDING', 'APPROVED', '2026-05-01 14:09:56', 'fraud_system_daemon');
INSERT INTO transactions (transaction_id, account_id, card_id, amount, currency, merchant_category, merchant_country, status, risk_score, transaction_at, created_at) VALUES (91, 33, 51, 31.29, 'UAH', 'K-Pop Merch & Albums: Weverse Shop Official', 'KR', 'APPROVED', 11, '2025-11-01 06:40:56', '2025-11-01 06:40:56');
INSERT INTO transaction_status_history (history_id, transaction_id, old_status, new_status, changed_at, changed_by) VALUES (86, 91, 'PENDING', 'APPROVED', '2025-11-01 06:40:56', 'fraud_system_daemon');
INSERT INTO transactions (transaction_id, account_id, card_id, amount, currency, merchant_category, merchant_country, status, risk_score, transaction_at, created_at) VALUES (92, 20, 33, 7663.21, 'USD', 'Luxury Fashion: Gucci Tokyo Boutique', 'JP', 'FLAGGED', 92, '2026-05-10 14:14:56', '2026-05-10 14:14:56');
INSERT INTO transaction_status_history (history_id, transaction_id, old_status, new_status, changed_at, changed_by) VALUES (87, 92, 'PENDING', 'FLAGGED', '2026-05-10 14:14:56', 'fraud_system_daemon');
INSERT INTO fraud_alerts (alert_id, transaction_id, rule_id, reason, risk_score, alert_status, created_at) VALUES (29, 92, 2, 'Automated alert for Gucci Tokyo Boutique due to risk score of 92 exceeding rule Cross-border High Risk', 92, 'FALSE_POSITIVE', '2026-05-10 14:14:56');
INSERT INTO transactions (transaction_id, account_id, card_id, amount, currency, merchant_category, merchant_country, status, risk_score, transaction_at, created_at) VALUES (93, 7, 12, 10317.4, 'USD', 'Luxury Fashion: Gucci Tokyo Boutique', 'JP', 'APPROVED', 61, '2025-07-10 22:12:56', '2025-07-10 22:12:56');
INSERT INTO transaction_status_history (history_id, transaction_id, old_status, new_status, changed_at, changed_by) VALUES (88, 93, 'PENDING', 'APPROVED', '2025-07-10 22:12:56', 'fraud_system_daemon');
INSERT INTO transactions (transaction_id, account_id, card_id, amount, currency, merchant_category, merchant_country, status, risk_score, transaction_at, created_at) VALUES (94, 39, 61, 99.96, 'UAH', 'Travel & Lodging: In the SOOP Pyeongchang Resort', 'KR', 'APPROVED', 29, '2025-09-26 03:32:56', '2025-09-26 03:32:56');
INSERT INTO transaction_status_history (history_id, transaction_id, old_status, new_status, changed_at, changed_by) VALUES (89, 94, 'PENDING', 'APPROVED', '2025-09-26 03:32:56', 'fraud_system_daemon');
INSERT INTO transactions (transaction_id, account_id, card_id, amount, currency, merchant_category, merchant_country, status, risk_score, transaction_at, created_at) VALUES (95, 28, 45, 1091.51, 'USD', 'Concert Tickets: Ticketmaster Global', 'US', 'APPROVED', 67, '2025-08-23 18:41:56', '2025-08-23 18:41:56');
INSERT INTO transaction_status_history (history_id, transaction_id, old_status, new_status, changed_at, changed_by) VALUES (90, 95, 'PENDING', 'APPROVED', '2025-08-23 18:41:56', 'fraud_system_daemon');
INSERT INTO transactions (transaction_id, account_id, card_id, amount, currency, merchant_category, merchant_country, status, risk_score, transaction_at, created_at) VALUES (96, 18, 30, 73.14, 'USD', 'K-Pop Merch & Albums: HYBE Merch Store', 'KR', 'APPROVED', 56, '2026-02-06 06:54:56', '2026-02-06 06:54:56');
INSERT INTO transaction_status_history (history_id, transaction_id, old_status, new_status, changed_at, changed_by) VALUES (91, 96, 'PENDING', 'APPROVED', '2026-02-06 06:54:56', 'fraud_system_daemon');
INSERT INTO transactions (transaction_id, account_id, card_id, amount, currency, merchant_category, merchant_country, status, risk_score, transaction_at, created_at) VALUES (97, 44, 66, 3455.21, 'EUR', 'Luxury Fashion: Gucci Tokyo Boutique', 'JP', 'APPROVED', 49, '2025-08-26 05:47:56', '2025-08-26 05:47:56');
INSERT INTO transaction_status_history (history_id, transaction_id, old_status, new_status, changed_at, changed_by) VALUES (92, 97, 'PENDING', 'APPROVED', '2025-08-26 05:47:56', 'fraud_system_daemon');
INSERT INTO transactions (transaction_id, account_id, card_id, amount, currency, merchant_category, merchant_country, status, risk_score, transaction_at, created_at) VALUES (98, 19, 31, 1797.31, 'USD', 'Concert Tickets: Ticketmaster Global', 'US', 'APPROVED', 59, '2025-10-12 04:23:56', '2025-10-12 04:23:56');
INSERT INTO transaction_status_history (history_id, transaction_id, old_status, new_status, changed_at, changed_by) VALUES (93, 98, 'PENDING', 'APPROVED', '2025-10-12 04:23:56', 'fraud_system_daemon');
INSERT INTO transactions (transaction_id, account_id, card_id, amount, currency, merchant_category, merchant_country, status, risk_score, transaction_at, created_at) VALUES (99, 14, 24, 7371.33, 'EUR', 'Luxury Fashion: Celine Paris Flagship', 'FR', 'PENDING', 21, '2026-03-02 01:51:56', '2026-03-02 01:51:56');
INSERT INTO transactions (transaction_id, account_id, card_id, amount, currency, merchant_category, merchant_country, status, risk_score, transaction_at, created_at) VALUES (100, 7, 11, 11695.64, 'USD', 'Luxury Fashion: Celine Paris Flagship', 'FR', 'FLAGGED', 99, '2025-09-24 20:29:56', '2025-09-24 20:29:56');
INSERT INTO transaction_status_history (history_id, transaction_id, old_status, new_status, changed_at, changed_by) VALUES (94, 100, 'PENDING', 'FLAGGED', '2025-09-24 20:29:56', 'fraud_system_daemon');
INSERT INTO fraud_alerts (alert_id, transaction_id, rule_id, reason, risk_score, alert_status, created_at) VALUES (30, 100, 1, 'Automated alert for Celine Paris Flagship due to risk score of 99 exceeding rule High Amount Transaction', 99, 'FALSE_POSITIVE', '2025-09-24 20:29:56');
INSERT INTO transactions (transaction_id, account_id, card_id, amount, currency, merchant_category, merchant_country, status, risk_score, transaction_at, created_at) VALUES (101, 1, 1, 76.38, 'UAH', 'K-Pop Merch & Albums: HYBE Merch Store', 'KR', 'FLAGGED', 86, '2025-08-17 09:00:56', '2025-08-17 09:00:56');
INSERT INTO transaction_status_history (history_id, transaction_id, old_status, new_status, changed_at, changed_by) VALUES (95, 101, 'PENDING', 'FLAGGED', '2025-08-17 09:00:56', 'fraud_system_daemon');
INSERT INTO fraud_alerts (alert_id, transaction_id, rule_id, reason, risk_score, alert_status, created_at) VALUES (31, 101, 1, 'Automated alert for HYBE Merch Store due to risk score of 86 exceeding rule High Amount Transaction', 86, 'RESOLVED', '2025-08-17 09:00:56');
INSERT INTO transactions (transaction_id, account_id, card_id, amount, currency, merchant_category, merchant_country, status, risk_score, transaction_at, created_at) VALUES (102, 40, 63, 136.95, 'UAH', 'K-Pop Merch & Albums: Weverse Shop Official', 'KR', 'DECLINED', 82, '2025-12-31 12:54:56', '2025-12-31 12:54:56');
INSERT INTO transaction_status_history (history_id, transaction_id, old_status, new_status, changed_at, changed_by) VALUES (96, 102, 'PENDING', 'DECLINED', '2025-12-31 12:54:56', 'fraud_system_daemon');
INSERT INTO fraud_alerts (alert_id, transaction_id, rule_id, reason, risk_score, alert_status, created_at) VALUES (32, 102, 1, 'Automated alert for Weverse Shop Official due to risk score of 82 exceeding rule High Amount Transaction', 82, 'UNDER_REVIEW', '2025-12-31 12:54:56');
INSERT INTO transactions (transaction_id, account_id, card_id, amount, currency, merchant_category, merchant_country, status, risk_score, transaction_at, created_at) VALUES (103, 21, 35, 96.51, 'UAH', 'Food & Cafes: Glow Up Cafe Seoul', 'KR', 'APPROVED', 22, '2025-09-02 14:43:56', '2025-09-02 14:43:56');
INSERT INTO transaction_status_history (history_id, transaction_id, old_status, new_status, changed_at, changed_by) VALUES (97, 103, 'PENDING', 'APPROVED', '2025-09-02 14:43:56', 'fraud_system_daemon');
INSERT INTO transactions (transaction_id, account_id, card_id, amount, currency, merchant_category, merchant_country, status, risk_score, transaction_at, created_at) VALUES (104, 9, 16, 20.71, 'USD', 'Streaming & Media: Melon Music Platform', 'KR', 'APPROVED', 62, '2025-11-21 14:51:56', '2025-11-21 14:51:56');
INSERT INTO transaction_status_history (history_id, transaction_id, old_status, new_status, changed_at, changed_by) VALUES (98, 104, 'PENDING', 'APPROVED', '2025-11-21 14:51:56', 'fraud_system_daemon');
INSERT INTO transactions (transaction_id, account_id, card_id, amount, currency, merchant_category, merchant_country, status, risk_score, transaction_at, created_at) VALUES (105, 8, 13, 92.15, 'EUR', 'Streaming & Media: Spotify Premium US', 'US', 'APPROVED', 4, '2026-03-23 03:35:56', '2026-03-23 03:35:56');
INSERT INTO transaction_status_history (history_id, transaction_id, old_status, new_status, changed_at, changed_by) VALUES (99, 105, 'PENDING', 'APPROVED', '2026-03-23 03:35:56', 'fraud_system_daemon');
INSERT INTO transactions (transaction_id, account_id, card_id, amount, currency, merchant_category, merchant_country, status, risk_score, transaction_at, created_at) VALUES (106, 27, NULL, 1426.93, 'EUR', 'Concert Tickets: Ticketmaster Global', 'US', 'APPROVED', 41, '2025-10-21 22:15:56', '2025-10-21 22:15:56');
INSERT INTO transaction_status_history (history_id, transaction_id, old_status, new_status, changed_at, changed_by) VALUES (100, 106, 'PENDING', 'APPROVED', '2025-10-21 22:15:56', 'fraud_system_daemon');
INSERT INTO transactions (transaction_id, account_id, card_id, amount, currency, merchant_category, merchant_country, status, risk_score, transaction_at, created_at) VALUES (107, 34, 53, 294.21, 'EUR', 'K-Pop Merch & Albums: HYBE Merch Store', 'KR', 'APPROVED', 58, '2025-09-21 16:36:56', '2025-09-21 16:36:56');
INSERT INTO transaction_status_history (history_id, transaction_id, old_status, new_status, changed_at, changed_by) VALUES (101, 107, 'PENDING', 'APPROVED', '2025-09-21 16:36:56', 'fraud_system_daemon');
INSERT INTO transactions (transaction_id, account_id, card_id, amount, currency, merchant_category, merchant_country, status, risk_score, transaction_at, created_at) VALUES (108, 24, 39, 5398.87, 'USD', 'Luxury Fashion: Louis Vuitton Gangnam', 'KR', 'DECLINED', 76, '2025-09-08 00:48:56', '2025-09-08 00:48:56');
INSERT INTO transaction_status_history (history_id, transaction_id, old_status, new_status, changed_at, changed_by) VALUES (102, 108, 'PENDING', 'DECLINED', '2025-09-08 00:48:56', 'fraud_system_daemon');
INSERT INTO fraud_alerts (alert_id, transaction_id, rule_id, reason, risk_score, alert_status, created_at) VALUES (33, 108, 1, 'Automated alert for Louis Vuitton Gangnam due to risk score of 76 exceeding rule High Amount Transaction', 76, 'OPEN', '2025-09-08 00:48:56');
INSERT INTO transactions (transaction_id, account_id, card_id, amount, currency, merchant_category, merchant_country, status, risk_score, transaction_at, created_at) VALUES (109, 23, 37, 12.36, 'USD', 'Food & Cafes: Glow Up Cafe Seoul', 'KR', 'APPROVED', 60, '2025-10-14 16:27:56', '2025-10-14 16:27:56');
INSERT INTO transaction_status_history (history_id, transaction_id, old_status, new_status, changed_at, changed_by) VALUES (103, 109, 'PENDING', 'APPROVED', '2025-10-14 16:27:56', 'fraud_system_daemon');
INSERT INTO transactions (transaction_id, account_id, card_id, amount, currency, merchant_category, merchant_country, status, risk_score, transaction_at, created_at) VALUES (110, 37, 58, 51.16, 'EUR', 'K-Pop Merch & Albums: Weverse Shop Official', 'KR', 'DECLINED', 84, '2026-05-12 17:37:56', '2026-05-12 17:37:56');
INSERT INTO transaction_status_history (history_id, transaction_id, old_status, new_status, changed_at, changed_by) VALUES (104, 110, 'PENDING', 'DECLINED', '2026-05-12 17:37:56', 'fraud_system_daemon');
INSERT INTO fraud_alerts (alert_id, transaction_id, rule_id, reason, risk_score, alert_status, created_at) VALUES (34, 110, 4, 'Automated alert for Weverse Shop Official due to risk score of 84 exceeding rule Suspicious Merchant Category', 84, 'OPEN', '2026-05-12 17:37:56');
INSERT INTO transactions (transaction_id, account_id, card_id, amount, currency, merchant_category, merchant_country, status, risk_score, transaction_at, created_at) VALUES (111, 10, 17, 7217.77, 'USD', 'Luxury Fashion: Gucci Tokyo Boutique', 'JP', 'FLAGGED', 86, '2025-09-20 20:23:56', '2025-09-20 20:23:56');
INSERT INTO transaction_status_history (history_id, transaction_id, old_status, new_status, changed_at, changed_by) VALUES (105, 111, 'PENDING', 'FLAGGED', '2025-09-20 20:23:56', 'fraud_system_daemon');
INSERT INTO fraud_alerts (alert_id, transaction_id, rule_id, reason, risk_score, alert_status, created_at) VALUES (35, 111, 4, 'Automated alert for Gucci Tokyo Boutique due to risk score of 86 exceeding rule Suspicious Merchant Category', 86, 'OPEN', '2025-09-20 20:23:56');
INSERT INTO transactions (transaction_id, account_id, card_id, amount, currency, merchant_category, merchant_country, status, risk_score, transaction_at, created_at) VALUES (112, 1, 1, 195.26, 'UAH', 'Character Goods: LINE FRIENDS BT21 Store', 'KR', 'FLAGGED', 89, '2026-04-18 22:39:56', '2026-04-18 22:39:56');
INSERT INTO transaction_status_history (history_id, transaction_id, old_status, new_status, changed_at, changed_by) VALUES (106, 112, 'PENDING', 'FLAGGED', '2026-04-18 22:39:56', 'fraud_system_daemon');
INSERT INTO fraud_alerts (alert_id, transaction_id, rule_id, reason, risk_score, alert_status, created_at) VALUES (36, 112, 2, 'Automated alert for LINE FRIENDS BT21 Store due to risk score of 89 exceeding rule Cross-border High Risk', 89, 'OPEN', '2026-04-18 22:39:56');
INSERT INTO transactions (transaction_id, account_id, card_id, amount, currency, merchant_category, merchant_country, status, risk_score, transaction_at, created_at) VALUES (113, 3, 4, 93.29, 'UAH', 'Travel & Lodging: In the SOOP Pyeongchang Resort', 'KR', 'APPROVED', 32, '2026-04-25 08:55:56', '2026-04-25 08:55:56');
INSERT INTO transaction_status_history (history_id, transaction_id, old_status, new_status, changed_at, changed_by) VALUES (107, 113, 'PENDING', 'APPROVED', '2026-04-25 08:55:56', 'fraud_system_daemon');
INSERT INTO transactions (transaction_id, account_id, card_id, amount, currency, merchant_category, merchant_country, status, risk_score, transaction_at, created_at) VALUES (114, 6, 10, 10556.52, 'UAH', 'Luxury Fashion: Louis Vuitton Gangnam', 'KR', 'FLAGGED', 90, '2026-01-15 16:24:56', '2026-01-15 16:24:56');
INSERT INTO transaction_status_history (history_id, transaction_id, old_status, new_status, changed_at, changed_by) VALUES (108, 114, 'PENDING', 'FLAGGED', '2026-01-15 16:24:56', 'fraud_system_daemon');
INSERT INTO fraud_alerts (alert_id, transaction_id, rule_id, reason, risk_score, alert_status, created_at) VALUES (37, 114, 3, 'Automated alert for Louis Vuitton Gangnam due to risk score of 90 exceeding rule Rapid Successive Purchases', 90, 'UNDER_REVIEW', '2026-01-15 16:24:56');
INSERT INTO transactions (transaction_id, account_id, card_id, amount, currency, merchant_category, merchant_country, status, risk_score, transaction_at, created_at) VALUES (115, 19, 31, 217.62, 'USD', 'K-Pop Merch & Albums: HYBE Merch Store', 'KR', 'DECLINED', 82, '2025-10-06 21:20:56', '2025-10-06 21:20:56');
INSERT INTO transaction_status_history (history_id, transaction_id, old_status, new_status, changed_at, changed_by) VALUES (109, 115, 'PENDING', 'DECLINED', '2025-10-06 21:20:56', 'fraud_system_daemon');
INSERT INTO fraud_alerts (alert_id, transaction_id, rule_id, reason, risk_score, alert_status, created_at) VALUES (38, 115, 1, 'Automated alert for HYBE Merch Store due to risk score of 82 exceeding rule High Amount Transaction', 82, 'RESOLVED', '2025-10-06 21:20:56');
INSERT INTO transactions (transaction_id, account_id, card_id, amount, currency, merchant_category, merchant_country, status, risk_score, transaction_at, created_at) VALUES (116, 29, NULL, 4083.44, 'EUR', 'Luxury Fashion: Gucci Tokyo Boutique', 'JP', 'APPROVED', 5, '2026-05-03 15:53:56', '2026-05-03 15:53:56');
INSERT INTO transaction_status_history (history_id, transaction_id, old_status, new_status, changed_at, changed_by) VALUES (110, 116, 'PENDING', 'APPROVED', '2026-05-03 15:53:56', 'fraud_system_daemon');
INSERT INTO transactions (transaction_id, account_id, card_id, amount, currency, merchant_category, merchant_country, status, risk_score, transaction_at, created_at) VALUES (117, 14, 24, 72.37, 'EUR', 'Character Goods: LINE FRIENDS BT21 Store', 'KR', 'APPROVED', 66, '2026-02-11 16:34:56', '2026-02-11 16:34:56');
INSERT INTO transaction_status_history (history_id, transaction_id, old_status, new_status, changed_at, changed_by) VALUES (111, 117, 'PENDING', 'APPROVED', '2026-02-11 16:34:56', 'fraud_system_daemon');
INSERT INTO transactions (transaction_id, account_id, card_id, amount, currency, merchant_category, merchant_country, status, risk_score, transaction_at, created_at) VALUES (118, 3, 5, 280.94, 'UAH', 'K-Pop Merch & Albums: Weverse Shop Official', 'KR', 'APPROVED', 38, '2025-12-03 14:24:56', '2025-12-03 14:24:56');
INSERT INTO transaction_status_history (history_id, transaction_id, old_status, new_status, changed_at, changed_by) VALUES (112, 118, 'PENDING', 'APPROVED', '2025-12-03 14:24:56', 'fraud_system_daemon');
INSERT INTO transactions (transaction_id, account_id, card_id, amount, currency, merchant_category, merchant_country, status, risk_score, transaction_at, created_at) VALUES (119, 29, 46, 11794.85, 'EUR', 'Luxury Fashion: Louis Vuitton Gangnam', 'KR', 'APPROVED', 15, '2025-08-06 09:00:56', '2025-08-06 09:00:56');
INSERT INTO transaction_status_history (history_id, transaction_id, old_status, new_status, changed_at, changed_by) VALUES (113, 119, 'PENDING', 'APPROVED', '2025-08-06 09:00:56', 'fraud_system_daemon');
INSERT INTO transactions (transaction_id, account_id, card_id, amount, currency, merchant_category, merchant_country, status, risk_score, transaction_at, created_at) VALUES (120, 44, 67, 111.13, 'EUR', 'K-Pop Merch & Albums: Weverse Shop Official', 'KR', 'APPROVED', 25, '2025-10-06 18:47:56', '2025-10-06 18:47:56');
INSERT INTO transaction_status_history (history_id, transaction_id, old_status, new_status, changed_at, changed_by) VALUES (114, 120, 'PENDING', 'APPROVED', '2025-10-06 18:47:56', 'fraud_system_daemon');
INSERT INTO transactions (transaction_id, account_id, card_id, amount, currency, merchant_category, merchant_country, status, risk_score, transaction_at, created_at) VALUES (121, 36, 57, 36.34, 'EUR', 'Travel & Lodging: In the SOOP Pyeongchang Resort', 'KR', 'APPROVED', 62, '2025-10-17 13:58:56', '2025-10-17 13:58:56');
INSERT INTO transaction_status_history (history_id, transaction_id, old_status, new_status, changed_at, changed_by) VALUES (115, 121, 'PENDING', 'APPROVED', '2025-10-17 13:58:56', 'fraud_system_daemon');
INSERT INTO transactions (transaction_id, account_id, card_id, amount, currency, merchant_category, merchant_country, status, risk_score, transaction_at, created_at) VALUES (122, 27, 44, 275.46, 'EUR', 'Character Goods: LINE FRIENDS BT21 Store', 'KR', 'APPROVED', 53, '2025-09-18 21:33:56', '2025-09-18 21:33:56');
INSERT INTO transaction_status_history (history_id, transaction_id, old_status, new_status, changed_at, changed_by) VALUES (116, 122, 'PENDING', 'APPROVED', '2025-09-18 21:33:56', 'fraud_system_daemon');
INSERT INTO transactions (transaction_id, account_id, card_id, amount, currency, merchant_category, merchant_country, status, risk_score, transaction_at, created_at) VALUES (123, 18, 29, 23.37, 'USD', 'Food & Cafes: Glow Up Cafe Seoul', 'KR', 'APPROVED', 16, '2026-03-05 02:28:56', '2026-03-05 02:28:56');
INSERT INTO transaction_status_history (history_id, transaction_id, old_status, new_status, changed_at, changed_by) VALUES (117, 123, 'PENDING', 'APPROVED', '2026-03-05 02:28:56', 'fraud_system_daemon');
INSERT INTO transactions (transaction_id, account_id, card_id, amount, currency, merchant_category, merchant_country, status, risk_score, transaction_at, created_at) VALUES (124, 39, 61, 321.31, 'UAH', 'K-Pop Merch & Albums: HYBE Merch Store', 'KR', 'APPROVED', 5, '2025-10-15 14:05:56', '2025-10-15 14:05:56');
INSERT INTO transaction_status_history (history_id, transaction_id, old_status, new_status, changed_at, changed_by) VALUES (118, 124, 'PENDING', 'APPROVED', '2025-10-15 14:05:56', 'fraud_system_daemon');
INSERT INTO transactions (transaction_id, account_id, card_id, amount, currency, merchant_category, merchant_country, status, risk_score, transaction_at, created_at) VALUES (125, 8, 14, 33.87, 'EUR', 'Food & Cafes: BT21 Cafe Harajuku', 'JP', 'FLAGGED', 90, '2025-09-08 15:54:56', '2025-09-08 15:54:56');
INSERT INTO transaction_status_history (history_id, transaction_id, old_status, new_status, changed_at, changed_by) VALUES (119, 125, 'PENDING', 'FLAGGED', '2025-09-08 15:54:56', 'fraud_system_daemon');
INSERT INTO fraud_alerts (alert_id, transaction_id, rule_id, reason, risk_score, alert_status, created_at) VALUES (39, 125, 4, 'Automated alert for BT21 Cafe Harajuku due to risk score of 90 exceeding rule Suspicious Merchant Category', 90, 'OPEN', '2025-09-08 15:54:56');
INSERT INTO transactions (transaction_id, account_id, card_id, amount, currency, merchant_category, merchant_country, status, risk_score, transaction_at, created_at) VALUES (126, 22, 36, 88.5, 'EUR', 'Food & Cafes: BT21 Cafe Harajuku', 'JP', 'APPROVED', 60, '2026-04-10 23:05:56', '2026-04-10 23:05:56');
INSERT INTO transaction_status_history (history_id, transaction_id, old_status, new_status, changed_at, changed_by) VALUES (120, 126, 'PENDING', 'APPROVED', '2026-04-10 23:05:56', 'fraud_system_daemon');
INSERT INTO transactions (transaction_id, account_id, card_id, amount, currency, merchant_category, merchant_country, status, risk_score, transaction_at, created_at) VALUES (127, 8, 13, 388.5, 'EUR', 'K-Pop Merch & Albums: Weverse Shop Official', 'KR', 'APPROVED', 61, '2025-08-16 14:48:56', '2025-08-16 14:48:56');
INSERT INTO transaction_status_history (history_id, transaction_id, old_status, new_status, changed_at, changed_by) VALUES (121, 127, 'PENDING', 'APPROVED', '2025-08-16 14:48:56', 'fraud_system_daemon');
INSERT INTO transactions (transaction_id, account_id, card_id, amount, currency, merchant_category, merchant_country, status, risk_score, transaction_at, created_at) VALUES (128, 38, 60, 1874.02, 'EUR', 'Concert Tickets: Interpark Global Tickets', 'KR', 'APPROVED', 18, '2025-08-31 10:28:56', '2025-08-31 10:28:56');
INSERT INTO transaction_status_history (history_id, transaction_id, old_status, new_status, changed_at, changed_by) VALUES (122, 128, 'PENDING', 'APPROVED', '2025-08-31 10:28:56', 'fraud_system_daemon');
INSERT INTO transactions (transaction_id, account_id, card_id, amount, currency, merchant_category, merchant_country, status, risk_score, transaction_at, created_at) VALUES (129, 42, 65, 44.15, 'EUR', 'Streaming & Media: Spotify Premium US', 'US', 'APPROVED', 0, '2025-10-22 07:39:56', '2025-10-22 07:39:56');
INSERT INTO transaction_status_history (history_id, transaction_id, old_status, new_status, changed_at, changed_by) VALUES (123, 129, 'PENDING', 'APPROVED', '2025-10-22 07:39:56', 'fraud_system_daemon');
INSERT INTO transactions (transaction_id, account_id, card_id, amount, currency, merchant_category, merchant_country, status, risk_score, transaction_at, created_at) VALUES (130, 13, 22, 14609.51, 'USD', 'Luxury Fashion: Louis Vuitton Gangnam', 'KR', 'APPROVED', 30, '2026-03-09 10:24:56', '2026-03-09 10:24:56');
INSERT INTO transaction_status_history (history_id, transaction_id, old_status, new_status, changed_at, changed_by) VALUES (124, 130, 'PENDING', 'APPROVED', '2026-03-09 10:24:56', 'fraud_system_daemon');
INSERT INTO transactions (transaction_id, account_id, card_id, amount, currency, merchant_category, merchant_country, status, risk_score, transaction_at, created_at) VALUES (131, 34, 53, 363.6, 'EUR', 'Character Goods: LINE FRIENDS BT21 Store', 'KR', 'DECLINED', 78, '2025-09-27 13:27:56', '2025-09-27 13:27:56');
INSERT INTO transaction_status_history (history_id, transaction_id, old_status, new_status, changed_at, changed_by) VALUES (125, 131, 'PENDING', 'DECLINED', '2025-09-27 13:27:56', 'fraud_system_daemon');
INSERT INTO fraud_alerts (alert_id, transaction_id, rule_id, reason, risk_score, alert_status, created_at) VALUES (40, 131, 2, 'Automated alert for LINE FRIENDS BT21 Store due to risk score of 78 exceeding rule Cross-border High Risk', 78, 'OPEN', '2025-09-27 13:27:56');
INSERT INTO transactions (transaction_id, account_id, card_id, amount, currency, merchant_category, merchant_country, status, risk_score, transaction_at, created_at) VALUES (132, 38, 60, 7.58, 'EUR', 'Food & Cafes: Glow Up Cafe Seoul', 'KR', 'FLAGGED', 99, '2025-07-05 16:05:56', '2025-07-05 16:05:56');
INSERT INTO transaction_status_history (history_id, transaction_id, old_status, new_status, changed_at, changed_by) VALUES (126, 132, 'PENDING', 'FLAGGED', '2025-07-05 16:05:56', 'fraud_system_daemon');
INSERT INTO fraud_alerts (alert_id, transaction_id, rule_id, reason, risk_score, alert_status, created_at) VALUES (41, 132, 1, 'Automated alert for Glow Up Cafe Seoul due to risk score of 99 exceeding rule High Amount Transaction', 99, 'FALSE_POSITIVE', '2025-07-05 16:05:56');
INSERT INTO transactions (transaction_id, account_id, card_id, amount, currency, merchant_category, merchant_country, status, risk_score, transaction_at, created_at) VALUES (133, 34, 53, 36.94, 'EUR', 'Food & Cafes: Glow Up Cafe Seoul', 'KR', 'APPROVED', 58, '2026-01-22 16:45:56', '2026-01-22 16:45:56');
INSERT INTO transaction_status_history (history_id, transaction_id, old_status, new_status, changed_at, changed_by) VALUES (127, 133, 'PENDING', 'APPROVED', '2026-01-22 16:45:56', 'fraud_system_daemon');
INSERT INTO transactions (transaction_id, account_id, card_id, amount, currency, merchant_category, merchant_country, status, risk_score, transaction_at, created_at) VALUES (134, 22, 36, 77.23, 'EUR', 'Food & Cafes: BT21 Cafe Harajuku', 'JP', 'FLAGGED', 95, '2025-07-27 08:26:56', '2025-07-27 08:26:56');
INSERT INTO transaction_status_history (history_id, transaction_id, old_status, new_status, changed_at, changed_by) VALUES (128, 134, 'PENDING', 'FLAGGED', '2025-07-27 08:26:56', 'fraud_system_daemon');
INSERT INTO fraud_alerts (alert_id, transaction_id, rule_id, reason, risk_score, alert_status, created_at) VALUES (42, 134, 3, 'Automated alert for BT21 Cafe Harajuku due to risk score of 95 exceeding rule Rapid Successive Purchases', 95, 'RESOLVED', '2025-07-27 08:26:56');
INSERT INTO transactions (transaction_id, account_id, card_id, amount, currency, merchant_category, merchant_country, status, risk_score, transaction_at, created_at) VALUES (135, 29, 46, 71.15, 'EUR', 'Travel & Lodging: In the SOOP Pyeongchang Resort', 'KR', 'FLAGGED', 92, '2025-12-05 00:38:56', '2025-12-05 00:38:56');
INSERT INTO transaction_status_history (history_id, transaction_id, old_status, new_status, changed_at, changed_by) VALUES (129, 135, 'PENDING', 'FLAGGED', '2025-12-05 00:38:56', 'fraud_system_daemon');
INSERT INTO fraud_alerts (alert_id, transaction_id, rule_id, reason, risk_score, alert_status, created_at) VALUES (43, 135, 2, 'Automated alert for In the SOOP Pyeongchang Resort due to risk score of 92 exceeding rule Cross-border High Risk', 92, 'UNDER_REVIEW', '2025-12-05 00:38:56');
INSERT INTO transactions (transaction_id, account_id, card_id, amount, currency, merchant_category, merchant_country, status, risk_score, transaction_at, created_at) VALUES (136, 6, 10, 310.02, 'UAH', 'Concert Tickets: Ticketmaster Global', 'US', 'APPROVED', 64, '2026-03-15 18:58:56', '2026-03-15 18:58:56');
INSERT INTO transaction_status_history (history_id, transaction_id, old_status, new_status, changed_at, changed_by) VALUES (130, 136, 'PENDING', 'APPROVED', '2026-03-15 18:58:56', 'fraud_system_daemon');
INSERT INTO transactions (transaction_id, account_id, card_id, amount, currency, merchant_category, merchant_country, status, risk_score, transaction_at, created_at) VALUES (137, 13, 23, 2261.91, 'USD', 'Concert Tickets: Interpark Global Tickets', 'KR', 'DECLINED', 71, '2025-10-11 14:21:56', '2025-10-11 14:21:56');
INSERT INTO transaction_status_history (history_id, transaction_id, old_status, new_status, changed_at, changed_by) VALUES (131, 137, 'PENDING', 'DECLINED', '2025-10-11 14:21:56', 'fraud_system_daemon');
INSERT INTO fraud_alerts (alert_id, transaction_id, rule_id, reason, risk_score, alert_status, created_at) VALUES (44, 137, 1, 'Automated alert for Interpark Global Tickets due to risk score of 71 exceeding rule High Amount Transaction', 71, 'UNDER_REVIEW', '2025-10-11 14:21:56');
INSERT INTO transactions (transaction_id, account_id, card_id, amount, currency, merchant_category, merchant_country, status, risk_score, transaction_at, created_at) VALUES (138, 25, 41, 50.16, 'UAH', 'Streaming & Media: Melon Music Platform', 'KR', 'APPROVED', 70, '2025-10-16 08:47:56', '2025-10-16 08:47:56');
INSERT INTO transaction_status_history (history_id, transaction_id, old_status, new_status, changed_at, changed_by) VALUES (132, 138, 'PENDING', 'APPROVED', '2025-10-16 08:47:56', 'fraud_system_daemon');
INSERT INTO transactions (transaction_id, account_id, card_id, amount, currency, merchant_category, merchant_country, status, risk_score, transaction_at, created_at) VALUES (139, 1, 1, 69.12, 'UAH', 'Character Goods: LINE FRIENDS BT21 Store', 'KR', 'APPROVED', 42, '2026-02-27 14:59:56', '2026-02-27 14:59:56');
INSERT INTO transaction_status_history (history_id, transaction_id, old_status, new_status, changed_at, changed_by) VALUES (133, 139, 'PENDING', 'APPROVED', '2026-02-27 14:59:56', 'fraud_system_daemon');
INSERT INTO transactions (transaction_id, account_id, card_id, amount, currency, merchant_category, merchant_country, status, risk_score, transaction_at, created_at) VALUES (140, 1, 1, 11652.94, 'UAH', 'Luxury Fashion: Celine Paris Flagship', 'FR', 'APPROVED', 51, '2025-09-05 15:07:56', '2025-09-05 15:07:56');
INSERT INTO transaction_status_history (history_id, transaction_id, old_status, new_status, changed_at, changed_by) VALUES (134, 140, 'PENDING', 'APPROVED', '2025-09-05 15:07:56', 'fraud_system_daemon');
INSERT INTO transactions (transaction_id, account_id, card_id, amount, currency, merchant_category, merchant_country, status, risk_score, transaction_at, created_at) VALUES (141, 24, 40, 580.15, 'USD', 'Concert Tickets: Interpark Global Tickets', 'KR', 'APPROVED', 3, '2026-02-09 00:33:56', '2026-02-09 00:33:56');
INSERT INTO transaction_status_history (history_id, transaction_id, old_status, new_status, changed_at, changed_by) VALUES (135, 141, 'PENDING', 'APPROVED', '2026-02-09 00:33:56', 'fraud_system_daemon');
INSERT INTO transactions (transaction_id, account_id, card_id, amount, currency, merchant_category, merchant_country, status, risk_score, transaction_at, created_at) VALUES (142, 39, 62, 29.56, 'UAH', 'Travel & Lodging: In the SOOP Pyeongchang Resort', 'KR', 'APPROVED', 63, '2025-06-16 01:05:56', '2025-06-16 01:05:56');
INSERT INTO transaction_status_history (history_id, transaction_id, old_status, new_status, changed_at, changed_by) VALUES (136, 142, 'PENDING', 'APPROVED', '2025-06-16 01:05:56', 'fraud_system_daemon');
INSERT INTO transactions (transaction_id, account_id, card_id, amount, currency, merchant_category, merchant_country, status, risk_score, transaction_at, created_at) VALUES (143, 8, 14, 38.85, 'EUR', 'Streaming & Media: Spotify Premium US', 'US', 'APPROVED', 69, '2025-08-10 07:57:56', '2025-08-10 07:57:56');
INSERT INTO transaction_status_history (history_id, transaction_id, old_status, new_status, changed_at, changed_by) VALUES (137, 143, 'PENDING', 'APPROVED', '2025-08-10 07:57:56', 'fraud_system_daemon');
INSERT INTO transactions (transaction_id, account_id, card_id, amount, currency, merchant_category, merchant_country, status, risk_score, transaction_at, created_at) VALUES (144, 4, 6, 2185.23, 'USD', 'Concert Tickets: Ticketmaster Global', 'US', 'DECLINED', 84, '2025-06-26 02:10:56', '2025-06-26 02:10:56');
INSERT INTO transaction_status_history (history_id, transaction_id, old_status, new_status, changed_at, changed_by) VALUES (138, 144, 'PENDING', 'DECLINED', '2025-06-26 02:10:56', 'fraud_system_daemon');
INSERT INTO fraud_alerts (alert_id, transaction_id, rule_id, reason, risk_score, alert_status, created_at) VALUES (45, 144, 3, 'Automated alert for Ticketmaster Global due to risk score of 84 exceeding rule Rapid Successive Purchases', 84, 'FALSE_POSITIVE', '2025-06-26 02:10:56');
INSERT INTO transactions (transaction_id, account_id, card_id, amount, currency, merchant_category, merchant_country, status, risk_score, transaction_at, created_at) VALUES (145, 19, 32, 65.74, 'USD', 'Food & Cafes: BT21 Cafe Harajuku', 'JP', 'APPROVED', 19, '2026-03-31 23:02:56', '2026-03-31 23:02:56');
INSERT INTO transaction_status_history (history_id, transaction_id, old_status, new_status, changed_at, changed_by) VALUES (139, 145, 'PENDING', 'APPROVED', '2026-03-31 23:02:56', 'fraud_system_daemon');
INSERT INTO transactions (transaction_id, account_id, card_id, amount, currency, merchant_category, merchant_country, status, risk_score, transaction_at, created_at) VALUES (146, 15, 25, 26.5, 'EUR', 'Streaming & Media: Melon Music Platform', 'KR', 'APPROVED', 43, '2026-01-04 22:20:56', '2026-01-04 22:20:56');
INSERT INTO transaction_status_history (history_id, transaction_id, old_status, new_status, changed_at, changed_by) VALUES (140, 146, 'PENDING', 'APPROVED', '2026-01-04 22:20:56', 'fraud_system_daemon');
INSERT INTO transactions (transaction_id, account_id, card_id, amount, currency, merchant_category, merchant_country, status, risk_score, transaction_at, created_at) VALUES (147, 25, 41, 67.0, 'UAH', 'K-Pop Merch & Albums: Weverse Shop Official', 'KR', 'APPROVED', 3, '2025-12-03 19:38:56', '2025-12-03 19:38:56');
INSERT INTO transaction_status_history (history_id, transaction_id, old_status, new_status, changed_at, changed_by) VALUES (141, 147, 'PENDING', 'APPROVED', '2025-12-03 19:38:56', 'fraud_system_daemon');
INSERT INTO transactions (transaction_id, account_id, card_id, amount, currency, merchant_category, merchant_country, status, risk_score, transaction_at, created_at) VALUES (148, 9, 16, 348.57, 'USD', 'K-Pop Merch & Albums: Weverse Shop Official', 'KR', 'APPROVED', 3, '2025-07-04 09:45:56', '2025-07-04 09:45:56');
INSERT INTO transaction_status_history (history_id, transaction_id, old_status, new_status, changed_at, changed_by) VALUES (142, 148, 'PENDING', 'APPROVED', '2025-07-04 09:45:56', 'fraud_system_daemon');
INSERT INTO transactions (transaction_id, account_id, card_id, amount, currency, merchant_category, merchant_country, status, risk_score, transaction_at, created_at) VALUES (149, 34, 54, 197.77, 'EUR', 'Character Goods: LINE FRIENDS BT21 Store', 'KR', 'APPROVED', 23, '2026-05-10 18:38:56', '2026-05-10 18:38:56');
INSERT INTO transaction_status_history (history_id, transaction_id, old_status, new_status, changed_at, changed_by) VALUES (143, 149, 'PENDING', 'APPROVED', '2026-05-10 18:38:56', 'fraud_system_daemon');
INSERT INTO transactions (transaction_id, account_id, card_id, amount, currency, merchant_category, merchant_country, status, risk_score, transaction_at, created_at) VALUES (150, 14, 24, 990.9, 'EUR', 'Concert Tickets: Ticketmaster Global', 'US', 'APPROVED', 57, '2026-01-22 18:17:56', '2026-01-22 18:17:56');
INSERT INTO transaction_status_history (history_id, transaction_id, old_status, new_status, changed_at, changed_by) VALUES (144, 150, 'PENDING', 'APPROVED', '2026-01-22 18:17:56', 'fraud_system_daemon');
INSERT INTO transactions (transaction_id, account_id, card_id, amount, currency, merchant_category, merchant_country, status, risk_score, transaction_at, created_at) VALUES (151, 37, 58, 49.88, 'EUR', 'Travel & Lodging: In the SOOP Pyeongchang Resort', 'KR', 'APPROVED', 14, '2025-11-18 05:44:56', '2025-11-18 05:44:56');
INSERT INTO transaction_status_history (history_id, transaction_id, old_status, new_status, changed_at, changed_by) VALUES (145, 151, 'PENDING', 'APPROVED', '2025-11-18 05:44:56', 'fraud_system_daemon');
INSERT INTO transactions (transaction_id, account_id, card_id, amount, currency, merchant_category, merchant_country, status, risk_score, transaction_at, created_at) VALUES (152, 35, 56, 372.16, 'USD', 'K-Pop Merch & Albums: Weverse Shop Official', 'KR', 'PENDING', 56, '2026-03-06 03:21:56', '2026-03-06 03:21:56');
INSERT INTO transactions (transaction_id, account_id, card_id, amount, currency, merchant_category, merchant_country, status, risk_score, transaction_at, created_at) VALUES (153, 3, NULL, 166.08, 'UAH', 'K-Pop Merch & Albums: Weverse Shop Official', 'KR', 'APPROVED', 12, '2025-08-08 07:47:56', '2025-08-08 07:47:56');
INSERT INTO transaction_status_history (history_id, transaction_id, old_status, new_status, changed_at, changed_by) VALUES (146, 153, 'PENDING', 'APPROVED', '2025-08-08 07:47:56', 'fraud_system_daemon');
INSERT INTO transactions (transaction_id, account_id, card_id, amount, currency, merchant_category, merchant_country, status, risk_score, transaction_at, created_at) VALUES (154, 32, NULL, 39.86, 'EUR', 'Food & Cafes: BT21 Cafe Harajuku', 'JP', 'FLAGGED', 97, '2025-07-31 10:59:56', '2025-07-31 10:59:56');
INSERT INTO transaction_status_history (history_id, transaction_id, old_status, new_status, changed_at, changed_by) VALUES (147, 154, 'PENDING', 'FLAGGED', '2025-07-31 10:59:56', 'fraud_system_daemon');
INSERT INTO fraud_alerts (alert_id, transaction_id, rule_id, reason, risk_score, alert_status, created_at) VALUES (46, 154, 3, 'Automated alert for BT21 Cafe Harajuku due to risk score of 97 exceeding rule Rapid Successive Purchases', 97, 'RESOLVED', '2025-07-31 10:59:56');
INSERT INTO transactions (transaction_id, account_id, card_id, amount, currency, merchant_category, merchant_country, status, risk_score, transaction_at, created_at) VALUES (155, 23, 38, 58.23, 'USD', 'Food & Cafes: Glow Up Cafe Seoul', 'KR', 'PENDING', 28, '2026-05-01 13:48:56', '2026-05-01 13:48:56');
INSERT INTO transactions (transaction_id, account_id, card_id, amount, currency, merchant_category, merchant_country, status, risk_score, transaction_at, created_at) VALUES (156, 36, 57, 6323.84, 'EUR', 'Luxury Fashion: Gucci Tokyo Boutique', 'JP', 'FLAGGED', 97, '2026-04-24 05:12:56', '2026-04-24 05:12:56');
INSERT INTO transaction_status_history (history_id, transaction_id, old_status, new_status, changed_at, changed_by) VALUES (148, 156, 'PENDING', 'FLAGGED', '2026-04-24 05:12:56', 'fraud_system_daemon');
INSERT INTO fraud_alerts (alert_id, transaction_id, rule_id, reason, risk_score, alert_status, created_at) VALUES (47, 156, 2, 'Automated alert for Gucci Tokyo Boutique due to risk score of 97 exceeding rule Cross-border High Risk', 97, 'OPEN', '2026-04-24 05:12:56');
INSERT INTO transactions (transaction_id, account_id, card_id, amount, currency, merchant_category, merchant_country, status, risk_score, transaction_at, created_at) VALUES (157, 14, 24, 1593.13, 'EUR', 'Concert Tickets: Interpark Global Tickets', 'KR', 'FLAGGED', 91, '2025-06-16 08:20:56', '2025-06-16 08:20:56');
INSERT INTO transaction_status_history (history_id, transaction_id, old_status, new_status, changed_at, changed_by) VALUES (149, 157, 'PENDING', 'FLAGGED', '2025-06-16 08:20:56', 'fraud_system_daemon');
INSERT INTO fraud_alerts (alert_id, transaction_id, rule_id, reason, risk_score, alert_status, created_at) VALUES (48, 157, 2, 'Automated alert for Interpark Global Tickets due to risk score of 91 exceeding rule Cross-border High Risk', 91, 'FALSE_POSITIVE', '2025-06-16 08:20:56');
INSERT INTO transactions (transaction_id, account_id, card_id, amount, currency, merchant_category, merchant_country, status, risk_score, transaction_at, created_at) VALUES (158, 21, 34, 2037.85, 'UAH', 'Concert Tickets: Ticketmaster Global', 'US', 'DECLINED', 71, '2025-10-19 09:43:56', '2025-10-19 09:43:56');
INSERT INTO transaction_status_history (history_id, transaction_id, old_status, new_status, changed_at, changed_by) VALUES (150, 158, 'PENDING', 'DECLINED', '2025-10-19 09:43:56', 'fraud_system_daemon');
INSERT INTO fraud_alerts (alert_id, transaction_id, rule_id, reason, risk_score, alert_status, created_at) VALUES (49, 158, 4, 'Automated alert for Ticketmaster Global due to risk score of 71 exceeding rule Suspicious Merchant Category', 71, 'OPEN', '2025-10-19 09:43:56');
INSERT INTO transactions (transaction_id, account_id, card_id, amount, currency, merchant_category, merchant_country, status, risk_score, transaction_at, created_at) VALUES (159, 22, 36, 7361.22, 'EUR', 'Luxury Fashion: Louis Vuitton Gangnam', 'KR', 'APPROVED', 20, '2025-11-06 23:45:56', '2025-11-06 23:45:56');
INSERT INTO transaction_status_history (history_id, transaction_id, old_status, new_status, changed_at, changed_by) VALUES (151, 159, 'PENDING', 'APPROVED', '2025-11-06 23:45:56', 'fraud_system_daemon');
INSERT INTO transactions (transaction_id, account_id, card_id, amount, currency, merchant_category, merchant_country, status, risk_score, transaction_at, created_at) VALUES (160, 15, 26, 20.3, 'EUR', 'Food & Cafes: BT21 Cafe Harajuku', 'JP', 'PENDING', 36, '2026-05-18 13:33:56', '2026-05-18 13:33:56');
INSERT INTO transactions (transaction_id, account_id, card_id, amount, currency, merchant_category, merchant_country, status, risk_score, transaction_at, created_at) VALUES (161, 27, 44, 88.93, 'EUR', 'K-Pop Merch & Albums: HYBE Merch Store', 'KR', 'APPROVED', 6, '2025-07-13 03:48:56', '2025-07-13 03:48:56');
INSERT INTO transaction_status_history (history_id, transaction_id, old_status, new_status, changed_at, changed_by) VALUES (152, 161, 'PENDING', 'APPROVED', '2025-07-13 03:48:56', 'fraud_system_daemon');
INSERT INTO transactions (transaction_id, account_id, card_id, amount, currency, merchant_category, merchant_country, status, risk_score, transaction_at, created_at) VALUES (162, 19, 32, 73.68, 'USD', 'Streaming & Media: Melon Music Platform', 'KR', 'APPROVED', 42, '2025-10-08 00:52:56', '2025-10-08 00:52:56');
INSERT INTO transaction_status_history (history_id, transaction_id, old_status, new_status, changed_at, changed_by) VALUES (153, 162, 'PENDING', 'APPROVED', '2025-10-08 00:52:56', 'fraud_system_daemon');
INSERT INTO transactions (transaction_id, account_id, card_id, amount, currency, merchant_category, merchant_country, status, risk_score, transaction_at, created_at) VALUES (163, 13, 23, 366.31, 'USD', 'Character Goods: LINE FRIENDS BT21 Store', 'KR', 'APPROVED', 16, '2026-01-02 13:01:56', '2026-01-02 13:01:56');
INSERT INTO transaction_status_history (history_id, transaction_id, old_status, new_status, changed_at, changed_by) VALUES (154, 163, 'PENDING', 'APPROVED', '2026-01-02 13:01:56', 'fraud_system_daemon');
INSERT INTO transactions (transaction_id, account_id, card_id, amount, currency, merchant_category, merchant_country, status, risk_score, transaction_at, created_at) VALUES (164, 15, 25, 73.03, 'EUR', 'Travel & Lodging: In the SOOP Pyeongchang Resort', 'KR', 'APPROVED', 9, '2026-05-29 00:05:56', '2026-05-29 00:05:56');
INSERT INTO transaction_status_history (history_id, transaction_id, old_status, new_status, changed_at, changed_by) VALUES (155, 164, 'PENDING', 'APPROVED', '2026-05-29 00:05:56', 'fraud_system_daemon');
INSERT INTO transactions (transaction_id, account_id, card_id, amount, currency, merchant_category, merchant_country, status, risk_score, transaction_at, created_at) VALUES (165, 25, 41, 10.62, 'UAH', 'Streaming & Media: Melon Music Platform', 'KR', 'APPROVED', 13, '2025-10-16 03:44:56', '2025-10-16 03:44:56');
INSERT INTO transaction_status_history (history_id, transaction_id, old_status, new_status, changed_at, changed_by) VALUES (156, 165, 'PENDING', 'APPROVED', '2025-10-16 03:44:56', 'fraud_system_daemon');
INSERT INTO transactions (transaction_id, account_id, card_id, amount, currency, merchant_category, merchant_country, status, risk_score, transaction_at, created_at) VALUES (166, 15, NULL, 153.76, 'EUR', 'Concert Tickets: Interpark Global Tickets', 'KR', 'APPROVED', 11, '2025-10-29 16:32:56', '2025-10-29 16:32:56');
INSERT INTO transaction_status_history (history_id, transaction_id, old_status, new_status, changed_at, changed_by) VALUES (157, 166, 'PENDING', 'APPROVED', '2025-10-29 16:32:56', 'fraud_system_daemon');
INSERT INTO transactions (transaction_id, account_id, card_id, amount, currency, merchant_category, merchant_country, status, risk_score, transaction_at, created_at) VALUES (167, 31, 49, 8233.42, 'UAH', 'Luxury Fashion: Gucci Tokyo Boutique', 'JP', 'APPROVED', 43, '2026-02-01 10:31:56', '2026-02-01 10:31:56');
INSERT INTO transaction_status_history (history_id, transaction_id, old_status, new_status, changed_at, changed_by) VALUES (158, 167, 'PENDING', 'APPROVED', '2026-02-01 10:31:56', 'fraud_system_daemon');
INSERT INTO transactions (transaction_id, account_id, card_id, amount, currency, merchant_category, merchant_country, status, risk_score, transaction_at, created_at) VALUES (168, 13, 22, 11367.2, 'USD', 'Luxury Fashion: Celine Paris Flagship', 'FR', 'DECLINED', 85, '2026-03-27 02:55:56', '2026-03-27 02:55:56');
INSERT INTO transaction_status_history (history_id, transaction_id, old_status, new_status, changed_at, changed_by) VALUES (159, 168, 'PENDING', 'DECLINED', '2026-03-27 02:55:56', 'fraud_system_daemon');
INSERT INTO fraud_alerts (alert_id, transaction_id, rule_id, reason, risk_score, alert_status, created_at) VALUES (50, 168, 4, 'Automated alert for Celine Paris Flagship due to risk score of 85 exceeding rule Suspicious Merchant Category', 85, 'RESOLVED', '2026-03-27 02:55:56');
INSERT INTO transactions (transaction_id, account_id, card_id, amount, currency, merchant_category, merchant_country, status, risk_score, transaction_at, created_at) VALUES (169, 40, 63, 76.93, 'UAH', 'K-Pop Merch & Albums: HYBE Merch Store', 'KR', 'APPROVED', 25, '2025-06-05 05:22:56', '2025-06-05 05:22:56');
INSERT INTO transaction_status_history (history_id, transaction_id, old_status, new_status, changed_at, changed_by) VALUES (160, 169, 'PENDING', 'APPROVED', '2025-06-05 05:22:56', 'fraud_system_daemon');
INSERT INTO transactions (transaction_id, account_id, card_id, amount, currency, merchant_category, merchant_country, status, risk_score, transaction_at, created_at) VALUES (170, 43, NULL, 339.67, 'EUR', 'K-Pop Merch & Albums: Weverse Shop Official', 'KR', 'APPROVED', 62, '2025-09-16 17:15:56', '2025-09-16 17:15:56');
INSERT INTO transaction_status_history (history_id, transaction_id, old_status, new_status, changed_at, changed_by) VALUES (161, 170, 'PENDING', 'APPROVED', '2025-09-16 17:15:56', 'fraud_system_daemon');
INSERT INTO transactions (transaction_id, account_id, card_id, amount, currency, merchant_category, merchant_country, status, risk_score, transaction_at, created_at) VALUES (171, 20, 33, 55.04, 'USD', 'Food & Cafes: Glow Up Cafe Seoul', 'KR', 'APPROVED', 8, '2025-10-11 16:58:56', '2025-10-11 16:58:56');
INSERT INTO transaction_status_history (history_id, transaction_id, old_status, new_status, changed_at, changed_by) VALUES (162, 171, 'PENDING', 'APPROVED', '2025-10-11 16:58:56', 'fraud_system_daemon');
INSERT INTO transactions (transaction_id, account_id, card_id, amount, currency, merchant_category, merchant_country, status, risk_score, transaction_at, created_at) VALUES (172, 8, 13, 14.22, 'EUR', 'Food & Cafes: Glow Up Cafe Seoul', 'KR', 'APPROVED', 1, '2025-12-26 01:46:56', '2025-12-26 01:46:56');
INSERT INTO transaction_status_history (history_id, transaction_id, old_status, new_status, changed_at, changed_by) VALUES (163, 172, 'PENDING', 'APPROVED', '2025-12-26 01:46:56', 'fraud_system_daemon');
INSERT INTO transactions (transaction_id, account_id, card_id, amount, currency, merchant_category, merchant_country, status, risk_score, transaction_at, created_at) VALUES (173, 34, 54, 6366.06, 'EUR', 'Luxury Fashion: Louis Vuitton Gangnam', 'KR', 'APPROVED', 55, '2025-09-05 16:15:56', '2025-09-05 16:15:56');
INSERT INTO transaction_status_history (history_id, transaction_id, old_status, new_status, changed_at, changed_by) VALUES (164, 173, 'PENDING', 'APPROVED', '2025-09-05 16:15:56', 'fraud_system_daemon');
INSERT INTO transactions (transaction_id, account_id, card_id, amount, currency, merchant_category, merchant_country, status, risk_score, transaction_at, created_at) VALUES (174, 9, NULL, 154.48, 'USD', 'K-Pop Merch & Albums: HYBE Merch Store', 'KR', 'APPROVED', 9, '2026-05-23 15:23:56', '2026-05-23 15:23:56');
INSERT INTO transaction_status_history (history_id, transaction_id, old_status, new_status, changed_at, changed_by) VALUES (165, 174, 'PENDING', 'APPROVED', '2026-05-23 15:23:56', 'fraud_system_daemon');
INSERT INTO transactions (transaction_id, account_id, card_id, amount, currency, merchant_category, merchant_country, status, risk_score, transaction_at, created_at) VALUES (175, 19, 32, 42.5, 'USD', 'Travel & Lodging: In the SOOP Pyeongchang Resort', 'KR', 'APPROVED', 4, '2025-11-16 08:37:56', '2025-11-16 08:37:56');
INSERT INTO transaction_status_history (history_id, transaction_id, old_status, new_status, changed_at, changed_by) VALUES (166, 175, 'PENDING', 'APPROVED', '2025-11-16 08:37:56', 'fraud_system_daemon');
INSERT INTO transactions (transaction_id, account_id, card_id, amount, currency, merchant_category, merchant_country, status, risk_score, transaction_at, created_at) VALUES (176, 7, 12, 91.32, 'USD', 'Travel & Lodging: In the SOOP Pyeongchang Resort', 'KR', 'APPROVED', 37, '2026-03-15 22:24:56', '2026-03-15 22:24:56');
INSERT INTO transaction_status_history (history_id, transaction_id, old_status, new_status, changed_at, changed_by) VALUES (167, 176, 'PENDING', 'APPROVED', '2026-03-15 22:24:56', 'fraud_system_daemon');
INSERT INTO transactions (transaction_id, account_id, card_id, amount, currency, merchant_category, merchant_country, status, risk_score, transaction_at, created_at) VALUES (177, 38, 59, 72.05, 'EUR', 'K-Pop Merch & Albums: HYBE Merch Store', 'KR', 'APPROVED', 45, '2026-05-22 14:00:56', '2026-05-22 14:00:56');
INSERT INTO transaction_status_history (history_id, transaction_id, old_status, new_status, changed_at, changed_by) VALUES (168, 177, 'PENDING', 'APPROVED', '2026-05-22 14:00:56', 'fraud_system_daemon');
INSERT INTO transactions (transaction_id, account_id, card_id, amount, currency, merchant_category, merchant_country, status, risk_score, transaction_at, created_at) VALUES (178, 5, NULL, 43.42, 'UAH', 'Travel & Lodging: In the SOOP Pyeongchang Resort', 'KR', 'DECLINED', 78, '2025-12-12 17:19:56', '2025-12-12 17:19:56');
INSERT INTO transaction_status_history (history_id, transaction_id, old_status, new_status, changed_at, changed_by) VALUES (169, 178, 'PENDING', 'DECLINED', '2025-12-12 17:19:56', 'fraud_system_daemon');
INSERT INTO fraud_alerts (alert_id, transaction_id, rule_id, reason, risk_score, alert_status, created_at) VALUES (51, 178, 4, 'Automated alert for In the SOOP Pyeongchang Resort due to risk score of 78 exceeding rule Suspicious Merchant Category', 78, 'UNDER_REVIEW', '2025-12-12 17:19:56');
INSERT INTO transactions (transaction_id, account_id, card_id, amount, currency, merchant_category, merchant_country, status, risk_score, transaction_at, created_at) VALUES (179, 28, 45, 53.16, 'USD', 'Streaming & Media: Spotify Premium US', 'US', 'APPROVED', 22, '2025-06-04 15:42:56', '2025-06-04 15:42:56');
INSERT INTO transaction_status_history (history_id, transaction_id, old_status, new_status, changed_at, changed_by) VALUES (170, 179, 'PENDING', 'APPROVED', '2025-06-04 15:42:56', 'fraud_system_daemon');
INSERT INTO transactions (transaction_id, account_id, card_id, amount, currency, merchant_category, merchant_country, status, risk_score, transaction_at, created_at) VALUES (180, 35, 56, 29.48, 'USD', 'Food & Cafes: BT21 Cafe Harajuku', 'JP', 'DECLINED', 80, '2025-07-11 00:34:56', '2025-07-11 00:34:56');
INSERT INTO transaction_status_history (history_id, transaction_id, old_status, new_status, changed_at, changed_by) VALUES (171, 180, 'PENDING', 'DECLINED', '2025-07-11 00:34:56', 'fraud_system_daemon');
INSERT INTO fraud_alerts (alert_id, transaction_id, rule_id, reason, risk_score, alert_status, created_at) VALUES (52, 180, 2, 'Automated alert for BT21 Cafe Harajuku due to risk score of 80 exceeding rule Cross-border High Risk', 80, 'FALSE_POSITIVE', '2025-07-11 00:34:56');

-- 6. POPULATING AUDIT LOGS
INSERT INTO audit_log (audit_id, customer_id, table_name, operation, old_value, new_value, changed_at) VALUES (1, 10, 'accounts', 'UPDATE', '{"is_active": true, "updated_by": "admin"}'::jsonb, '{"is_active": true, "remarks": "BTS Festa celebration updates"}'::jsonb, '2026-05-27 11:47:56');
INSERT INTO audit_log (audit_id, customer_id, table_name, operation, old_value, new_value, changed_at) VALUES (2, 8, 'cards', 'INSERT', NULL, '{"is_active": true, "remarks": "BTS Festa celebration updates"}'::jsonb, '2026-05-17 11:47:56');
INSERT INTO audit_log (audit_id, customer_id, table_name, operation, old_value, new_value, changed_at) VALUES (3, 6, 'accounts', 'INSERT', NULL, '{"is_active": true, "remarks": "BTS Festa celebration updates"}'::jsonb, '2026-05-24 11:47:56');
INSERT INTO audit_log (audit_id, customer_id, table_name, operation, old_value, new_value, changed_at) VALUES (4, 9, 'cards', 'INSERT', NULL, '{"is_active": true, "remarks": "BTS Festa celebration updates"}'::jsonb, '2026-05-05 11:47:56');
INSERT INTO audit_log (audit_id, customer_id, table_name, operation, old_value, new_value, changed_at) VALUES (5, 12, 'cards', 'INSERT', NULL, '{"is_active": true, "remarks": "BTS Festa celebration updates"}'::jsonb, '2026-05-15 11:47:56');
INSERT INTO audit_log (audit_id, customer_id, table_name, operation, old_value, new_value, changed_at) VALUES (6, 8, 'accounts', 'UPDATE', '{"is_active": true, "updated_by": "admin"}'::jsonb, '{"is_active": true, "remarks": "BTS Festa celebration updates"}'::jsonb, '2026-05-09 11:47:56');
INSERT INTO audit_log (audit_id, customer_id, table_name, operation, old_value, new_value, changed_at) VALUES (7, 20, 'accounts', 'INSERT', NULL, '{"is_active": true, "remarks": "BTS Festa celebration updates"}'::jsonb, '2026-05-14 11:47:56');
INSERT INTO audit_log (audit_id, customer_id, table_name, operation, old_value, new_value, changed_at) VALUES (8, 2, 'customers', 'INSERT', NULL, '{"is_active": true, "remarks": "BTS Festa celebration updates"}'::jsonb, '2026-05-18 11:47:56');
INSERT INTO audit_log (audit_id, customer_id, table_name, operation, old_value, new_value, changed_at) VALUES (9, 4, 'accounts', 'INSERT', NULL, '{"is_active": true, "remarks": "BTS Festa celebration updates"}'::jsonb, '2026-05-05 11:47:56');
INSERT INTO audit_log (audit_id, customer_id, table_name, operation, old_value, new_value, changed_at) VALUES (10, 8, 'customers', 'UPDATE', '{"is_active": false, "updated_by": "admin"}'::jsonb, '{"is_active": true, "remarks": "BTS Festa celebration updates"}'::jsonb, '2026-05-13 11:47:56');
INSERT INTO audit_log (audit_id, customer_id, table_name, operation, old_value, new_value, changed_at) VALUES (11, 8, 'accounts', 'UPDATE', '{"is_active": true, "updated_by": "admin"}'::jsonb, '{"is_active": true, "remarks": "BTS Festa celebration updates"}'::jsonb, '2026-05-27 11:47:56');
INSERT INTO audit_log (audit_id, customer_id, table_name, operation, old_value, new_value, changed_at) VALUES (12, 12, 'cards', 'UPDATE', '{"is_active": true, "updated_by": "admin"}'::jsonb, '{"is_active": true, "remarks": "BTS Festa celebration updates"}'::jsonb, '2026-05-13 11:47:56');
INSERT INTO audit_log (audit_id, customer_id, table_name, operation, old_value, new_value, changed_at) VALUES (13, 2, 'customers', 'INSERT', NULL, '{"is_active": true, "remarks": "BTS Festa celebration updates"}'::jsonb, '2026-05-03 11:47:56');
INSERT INTO audit_log (audit_id, customer_id, table_name, operation, old_value, new_value, changed_at) VALUES (14, 18, 'customers', 'INSERT', NULL, '{"is_active": true, "remarks": "BTS Festa celebration updates"}'::jsonb, '2026-05-10 11:47:56');

COMMIT;